"<ID>";"N0 =: le fait Qu P";"N0 =: la manière de V-inf W";"N0 =: V-n";"N0 =: N-hum";"<OPT>Adj";"<ENT>N";"N0 avoir Det N (avec+envers) N1";"N0 être de Det N (avec+envers) N1";"N0 être Adj (avec+envers) N1";"Det =: du";"Qu P être de Det N de la part de N0";"N0 être de Det N";"Exemple Base1";"Exemple Base2";"Exemple Base3";"Exemple Autre1";"Exemple Autre2";"Exemple Autre3"
"1";"-";"+";"+";"-";"abstrait";"abstraction";"-";"-";"-";"-";"+";"+";"~";"~";"~";"~";"~";"~"
"2";"+";"+";"+";"+";"académique";"académisme";"-";"-";"-";"-";"+";"+";"~";"~";"~";"~";"~";"~"
"3";"-";"+";"+";"-";"acerbe";"acerbité";"+";"+";"+";"+";"+";"+";"~";"~";"~";"~";"~";"~"
"4";"-";"+";"+";"-";"acrimonieux";"acrimonie";"+";"+";"+";"+";"+";"+";"~";"~";"~";"~";"~";"~"
"5";"-";"+";"+";"-";"adroit";"adresse";"-";"-";"-";"+";"+";"+";"Max a de l'adresse";"Max est d'une (E+grande) adresse";"Max est adroit";"~";"~";"~"
"6";"+";"+";"+";"-";"adroit";"adresse";"+";"+";"+";"+";"+";"+";"~";"~";"~";"Il y a une adresse sur l'enveloppe";"Ce restaurant est une bonne adresse";"~"
"7";"+";"+";"+";"-";"affecté";"affectation";"-";"-";"-";"+";"+";"+";"Max a une certaine affectation";"~";"~";"~";"~";"~"
"8";"-";"+";"+";"-";"agressif";"agressivité";"+";"+";"+";"+";"+";"+";"Max a (l'agressivité de filles de Luc+de l'agressivité)";"Max est d'une certaine agressivité";"Max est agressif";"~";"~";"~"
"9";"-";"+";"+";"-";"allègre";"allégresse";"-";"-";"-";"+";"+";"+";"Max a une certaine allégresse";"Max est d'une certaine allégresse";"~";"~";"~";"~"
"10";"-";"+";"+";"-";"altruiste";"altruisme";"+";"+";"+";"-";"+";"+";"Max a un altruisme";"Max est d'un altruisme";"~";"~";"~";"~"
"11";"+";"+";"+";"+";"ambigu";"ambiguïté";"-";"-";"-";"-";"+";"+";"~";"~";"~";"~";"~";"~"
"12";"-";"-";"+";"-";"ambitieux";"ambition";"-";"-";"-";"+";"+";"+";"~";"~";"~";"~";"~";"~"
"13";"+";"+";"+";"-";"ambivalent";"ambivalence";"-";"-";"-";"-";"+";"+";"~";"(Max+Les sentiments de Max) sont d'une certaine ambivalence";"~";"~";"~";"~"
"14";"-";"+";"+";"-";"amène";"aménité";"+";"+";"+";"+";"+";"+";"Les propos de Luc ont de l'aménité";"Les propos de Luc sont d'une certaine aménité";"~";"~";"~";"~"
"15";"+";"+";"+";"+";"amoral";"amoralité";"-";"-";"-";"-";"+";"+";"Léa a eu l'amoralité de tricher";"~";"~";"~";"~";"~"
"16";"-";"+";"+";"-";"angélique";"angélisme";"+";"+";"+";"-";"+";"+";"Léa a un certain angélisme";"Léa est d'un certain angélisme";"~";"~";"~";"~"
"17";"+";"-";"+";"-";"anticlérical";"anticléricalisme";"-";"-";"-";"-";"+";"+";"~";"~";"~";"~";"~";"~"
"18";"+";"+";"+";"-";"anticonformiste";"anticonformisme";"-";"-";"-";"-";"+";"+";"~";"~";"~";"~";"Max (est+est un) anticonformiste";"~"
"19";"-";"-";"+";"-";"apolitique";"apolitisme";"-";"-";"-";"-";"+";"+";"~";"~";"~";"~";"~";"~"
"20";"+";"+";"+";"-";"arbitraire";"arbitraire";"-";"-";"-";"+";"+";"+";"Cette décision a un certain arbitraire";"Cette décision est d'un certain arbitraire";"~";"~";"~";"~"
"21";"-";"+";"+";"-";"aristocratique";"aristocratie";"-";"-";"-";"+";"-";"+";"Ce geste a une certaine aristocratie";"Ce geste est d'une certaine aristocratie";"~";"~";"~";"~"
"22";"+";"+";"+";"-";"arrogant";"arrogance";"+";"+";"+";"+";"+";"+";"Max a une certaine arrogance";"Max est d'une certaine arrogance";"~";"~";"~";"~"
"23";"+";"+";"+";"+";"astucieux";"astuce";"-";"-";"-";"+";"+";"+";"(Luc+Cette manière de faire) a de l'astuce";"(Luc+Cette manière de faire) est d'une astuce diabolique";"~";"~";"~";"~"
"24";"-";"+";"+";"-";"atroce";"atrocité";"-";"-";"-";"-";"+";"+";"(Luc+Ce arme) a une certaine atrocité";"(Luc+Ce arme) est d'une certaine atrocité";"~";"~";"~";"~"
"25";"+";"+";"+";"+";"audacieux";"audace";"-";"-";"-";"+";"+";"+";"(Luc+Cette manière de faire) a une certaine audace";"(Luc+Cette manière de faire) est d'une certaine audace";"~";"~";"~";"~"
"26";"-";"+";"+";"+";"austère";"austérité";"-";"-";"-";"+";"+";"+";"(Luc+Cette manière de faire) a une certaine austérité";"(Luc+Cette manière de faire) est d'une certaine austérité";"~";"Il y a une certain austérité dans le comportement de Luc";"~";"~"
"27";"-";"+";"+";"+";"autonome";"autonomie";"-";"-";"-";"+";"+";"+";"Cette manière de penser a une certaine autonomie";"~";"~";"~";"~";"~"
"28";"-";"+";"+";"-";"autoritaire";"autoritarisme";"+";"+";"+";"+";"+";"+";"~";"~";"~";"~";"~";"~"
"29";"+";"+";"+";"+";"banal";"banalité";"-";"-";"-";"+";"+";"+";"(Luc+Cela) a une grande banalité";"(Luc+Cela) est d'une grande banalité";"~";"~";"~";"~"
"30";"+";"+";"+";"-";"barbare";"barbarie";"+";"+";"+";"-";"+";"+";"~";"~";"~";"~";"~";"~"
"31";"-";"+";"-";"+";"baroque";"baroque";"-";"-";"-";"-";"+";"+";"~";"~";"~";"~";"~";"~"
"32";"-";"+";"+";"-";"bégueule";"bégueulerie";"-";"-";"-";"-";"+";"+";"~";"~";"~";"~";"~";"~"
"33";"+";"+";"+";"-";"bestial";"bestialité";"-";"-";"-";"-";"+";"+";"(Max+Ce comportement) a une grande bestialité";"(Max+Ce comportement) est d'une grande bestialité";"~";"~";"~";"~"
"34";"+";"+";"+";"-";"bienveillant";"bienveillance";"+";"+";"+";"+";"+";"+";"Max a une certaine bienveillance (pour+envers+à l'égard) Luc";"Max est d'une certaine bienveillance (pour+envers+à l'égard de) Luc";"~";"~";"~";"~"
"35";"+";"+";"+";"+";"bizarre";"bizarrerie";"-";"-";"-";"+";"+";"+";"(Luc+Ce truc) a une bizarrerie";"(Luc+Ce truc) est d'une bizarrerie";"~";"~";"~";"~"
"36";"-";"+";"+";"-";"bonhomme";"bonhommie";"+";"+";"+";"+";"+";"+";"(Luc+Cette manière de faire) a une certaine bonhommie";"(Luc+Cette manière de faire) est d'une certaine bonhommie";"~";"~";"~";"~"
"37";"+";"+";"+";"+";"bouffon";"bouffonnerie";"-";"-";"-";"+";"+";"+";"~";"~";"~";"~";"~";"~"
"38";"+";"+";"+";"-";"brave";"bravoure";"-";"-";"-";"+";"+";"+";"~";"~";"~";"~";"~";"~"
"39";"+";"+";"+";"-";"brusque";"brusquerie";"+";"+";"+";"+";"+";"+";"Ceci a une brusquerie certaine";"Max est d'une brusquerie certaine";"~";"~";"~";"~"
"40";"+";"+";"+";"-";"brutal";"brutalité";"+";"+";"+";"-";"+";"+";"Max a une (E+grande) brutalité";"Max est d'une (E+grande) brutalité";"~";"~";"~";"~"
"41";"+";"+";"+";"+";"burlesque";"burlesque";"-";"-";"-";"-";"+";"+";"(Luc+Ceci) a un burlesque accompli";"(Luc+Ceci) est d'un burlesque accompli";"~";"~";"~";"~"
"42";"+";"+";"+";"-";"candide";"candeur";"-";"-";"-";"+";"+";"+";"(Max+Ceci) a une certaine candeur";"(Max+Ceci) est d'une certain candeur";"~";"~";"~";"~"
"43";"-";"+";"+";"-";"caustique";"causticité";"+";"+";"+";"+";"+";"+";"(Luc+Les paroles de Luc) ont une certaine causticité";"~";"~";"~";"~";"~"
"44";"-";"+";"+";"-";"cauteleux";"cautèle";"+";"+";"+";"-";"+";"+";"Max a une cautèle insupportable";"~";"~";"~";"~";"~"
"45";"-";"+";"+";"+";"chaleureux";"chaleur";"+";"+";"+";"+";"-";"-";"Son accueil a de la chaleur";"~";"Son accueil est chaleureux";"~";"~";"~"
"46";"-";"+";"+";"-";"chaste";"chasteté";"-";"-";"-";"-";"+";"+";"~";"~";"~";"~";"~";"~"
"47";"+";"+";"+";"-";"chauvin";"chauvinisme";"-";"-";"-";"+";"+";"+";"~";"(Ceci+Luc) est d'un grand chauvinisme";"~";"~";"~";"~"
"48";"-";"+";"+";"+";"chic";"chic";"-";"-";"-";"+";"+";"+";"~";"~";"~";"~";"~";"~"
"49";"+";"+";"+";"-";"circonspect";"circonspection";"-";"-";"-";"+";"+";"+";"~";"~";"~";"~";"~";"~"
"50";"+";"+";"+";"-";"civique";"civisme";"-";"-";"-";"+";"+";"+";"(Max+L'attitude de Max) a un certain civisme";"~";"~";"~";"~";"~"
"51";"+";"+";"+";"+";"classique";"classicisme";"-";"-";"-";"-";"+";"+";"~";"~";"~";"~";"~";"~"
"52";"-";"+";"+";"-";"clérical";"cléricalisme";"-";"-";"-";"-";"+";"+";"~";"~";"~";"~";"~";"~"
"53";"+";"+";"+";"+";"cocasse";"cocasserie";"-";"-";"-";"+";"+";"+";"~";"(Luc+Ce comportement) est d'une certaine cocasserie";"~";"~";"~";"~"
"54";"+";"+";"+";"+";"comique";"comique";"-";"-";"-";"-";"-";"+";"~";"(Ceci+Luc) est d'un comique irrésistible";"~";"~";"~";"~"
"55";"+";"+";"+";"-";"complaisant";"complaisance";"-";"-";"-";"+";"+";"+";"Max a des complaisances pour ses anciens complices";"~";"~";"Il y a de la complaisance dans ce comportement de Max";"~";"~"
"56";"-";"+";"+";"-";"concis";"concision";"-";"-";"-";"+";"+";"+";"(Luc+Ce discours) a une certaine concision";"~";"~";"~";"~";"~"
"57";"+";"+";"+";"-";"condescendant";"condescendance";"+";"+";"+";"+";"+";"+";"(Cette façon de faire+Max) a une certaine condescendance";"~";"~";"~";"~";"~"
"58";"+";"+";"+";"+";"conformiste";"conformisme";"-";"-";"-";"+";"+";"+";"~";"~";"~";"~";"~";"~"
"59";"-";"+";"+";"+";"confus";"confusion";"-";"-";"-";"-";"+";"+";"~";"~";"~";"~";"~";"~"
"60";"-";"+";"+";"-";"conséquent";"conséquence";"-";"-";"-";"+";"-";"+";"~";"~";"~";"~";"~";"~"
"61";"-";"+";"+";"-";"constant";"constance";"-";"-";"-";"+";"+";"+";"~";"~";"~";"~";"~";"~"
"62";"+";"+";"+";"-";"coquet";"coquetterie";"+";"+";"+";"+";"+";"+";"Marie a des coquetteries charmantes";"(Max+Cette robe) est d'une grande coquetterie";"~";"~";"~";"~"
"63";"-";"+";"-";"+";"coquet";"coquetterie";"-";"-";"-";"-";"+";"+";"~";"~";"~";"~";"~";"~"
"64";"+";"+";"+";"+";"coquin";"coquinerie";"-";"-";"-";"+";"+";"+";"~";"Max est d'une coquinerie incroyable";"~";"~";"~";"~"
"65";"+";"+";"+";"-";"cordial";"cordialité";"+";"+";"+";"+";"+";"+";"(Luc+Cette façon de faire)  a une cordialité";"~";"~";"~";"~";"~"
"66";"+";"+";"+";"-";"correct";"correction";"+";"+";"+";"-";"+";"+";"~";"~";"~";"~";"~";"~"
"67";"+";"+";"+";"-";"courtois";"courtoisie";"+";"+";"+";"+";"+";"+";"Luc a eu la courtoisie de me recevoir";"~";"~";"~";"~";"~"
"68";"-";"+";"+";"-";"crâneur";"crânerie";"-";"-";"-";"-";"+";"+";"Max a eu la crânerie de répondre à Luc";"Max est d'une crânerie terrible";"~";"~";"~";"~"
"69";"+";"+";"+";"-";"crétin";"crétinerie";"-";"-";"-";"-";"+";"+";"~";"~";"~";"~";"~";"~"
"70";"+";"+";"+";"-";"cruel";"cruauté";"+";"+";"+";"+";"+";"+";"~";"Max est d'une grande cruauté";"~";"~";"~";"~"
"71";"-";"+";"+";"-";"cru";"crudité";"-";"-";"-";"+";"+";"+";"~";"~";"~";"~";"~";"~"
"72";"+";"+";"+";"-";"cynique";"cynisme";"-";"-";"-";"+";"+";"+";"~";"~";"~";"~";"~";"~"
"73";"+";"+";"+";"-";"débile";"débilité";"-";"-";"-";"-";"+";"+";"~";"~";"~";"~";"~";"~"
"74";"-";"+";"+";"+";"décadent";"décadence";"-";"-";"-";"-";"+";"+";"~";"~";"~";"~";"~";"~"
"75";"+";"+";"+";"+";"décent";"décence";"-";"-";"-";"+";"+";"+";"Max a (de la décence+eu la décence de se taire)";"~";"Max est décent";"~";"~";"~"
"76";"+";"+";"+";"-";"déférent";"déférence";"+";"+";"+";"+";"+";"+";"Max a de la déférence pour le doyen";"~";"~";"~";"~";"~"
"77";"+";"+";"+";"-";"dégueulasse";"dégueulasserie";"+";"+";"+";"-";"+";"+";"~";"~";"~";"~";"~";"~"
"78";"+";"+";"+";"-";"délicat";"délicatesse";"+";"+";"+";"+";"+";"+";"Léa a (une grande délicatesse+ la délicatesse de se taire)";"~";"~";"~";"~";"~"
"79";"+";"+";"+";"-";"déloyal";"déloyauté";"+";"+";"+";"+";"+";"+";"(Luc+Ce procédé) a une grande déloyauté";"(Luc+Ce procédé) est d'une grande déloyauté";"~";"~";"~";"~"
"80";"+";"+";"+";"-";"démagogue";"démagogie";"-";"-";"-";"-";"+";"+";"~";"~";"~";"~";"~";"~"
"81";"+";"+";"+";"+";"désinvolte";"désinvolture";"+";"+";"+";"+";"+";"+";"Max a une certaine désinvolture";"~";"~";"~";"~";"~"
"82";"+";"+";"+";"-";"désobligeant";"désobligeance";"+";"+";"+";"-";"+";"+";"Max a de la désobligeance à l'égard de Paul";"Max est d'une désobligeance insupportable";"~";"~";"~";"~"
"83";"+";"+";"+";"+";"désuet";"désuétude";"-";"-";"-";"-";"-";"+";"~";"~";"~";"~";"~";"~"
"84";"+";"+";"+";"-";"diabolique";"diabolisme";"-";"-";"-";"+";"+";"+";"~";"~";"~";"~";"~";"~"
"85";"+";"+";"+";"+";"digne";"dignité";"-";"-";"-";"+";"+";"+";"Max a de la dignité";"~";"~";"~";"~";"~"
"86";"+";"+";"+";"-";"diplomate";"diplomatie";"+";"+";"+";"+";"+";"+";"Max a une certaine diplomatie";"~";"~";"~";"~";"~"
"87";"+";"+";"+";"+";"discret";"discrétion";"-";"-";"-";"+";"+";"+";"(Max+Ce geste) a de la discrétion";"~";"~";"~";"~";"~"
"88";"+";"+";"+";"+";"distingué";"distinction";"-";"-";"-";"+";"+";"+";"~";"~";"~";"~";"~";"~"
"89";"+";"+";"+";"-";"dogmatique";"dogmatisme";"-";"-";"-";"+";"+";"+";"Max a un certain dogmatisme";"~";"~";"~";"~";"~"
"90";"+";"+";"+";"-";"droit";"droiture";"-";"-";"-";"+";"+";"+";"Max a de la droiture";"~";"~";"~";"~";"~"
"91";"+";"+";"+";"+";"drôle";"drôlerie";"-";"-";"-";"+";"+";"+";"Max a une certaine drôlerie";"~";"~";"~";"~";"~"
"92";"+";"+";"+";"-";"duplice";"duplicité";"-";"-";"-";"+";"+";"+";"Max a une certaine duplicité";"~";"~";"~";"~";"~"
"93";"+";"+";"+";"-";"dynamique";"dynamisme";"-";"-";"-";"+";"+";"+";"Max a du dynamisme";"~";"~";"~";"~";"~"
"94";"+";"+";"+";"+";"éclectique";"éclectisme";"-";"-";"-";"+";"+";"+";"Max a un certain éclectisme";"~";"~";"~";"~";"~"
"95";"-";"+";"+";"-";"efficace";"efficacité";"-";"-";"-";"+";"+";"+";"Cette méthode a de l'efficacité";"~";"~";"~";"~";"~"
"96";"+";"+";"+";"-";"effronté";"effronterie";"-";"-";"-";"+";"+";"+";"~";"~";"~";"~";"~";"~"
"97";"+";"+";"+";"-";"élégant";"élégance";"-";"-";"-";"+";"+";"+";"~";"~";"~";"~";"~";"~"
"98";"-";"+";"+";"+";"élégant";"élégance";"-";"-";"-";"+";"-";"+";"(Max+Cet objet) a une certaine élégance";"~";"~";"~";"~";"~"
"99";"+";"+";"+";"-";"emphatique";"emphase";"-";"-";"-";"+";"+";"+";"(Max+Sa manière de dire+Dire ceci de cette manière) a de l'emphase";"~";"~";"~";"~";"~"
"100";"-";"+";"+";"-";"empirique";"empirisme";"-";"-";"-";"-";"+";"+";"~";"~";"~";"~";"~";"~"
"101";"-";"+";"+";"-";"énergique";"énergie";"-";"-";"-";"+";"+";"+";"~";"~";"~";"~";"~";"~"
"102";"-";"+";"+";"-";"enthousiaste";"enthousiasme";"-";"-";"-";"+";"+";"+";"Max a de l'enthousiasme pour ce sport";"~";"~";"~";"~";"~"
"103";"+";"+";"+";"-";"équitable";"équité";"+";"+";"+";"+";"+";"+";"Max a une certaine équité";"~";"~";"~";"~";"~"
"104";"+";"+";"+";"+";"érotique";"érotisme";"-";"-";"-";"-";"+";"+";"Cette tenue a un certain érotisme";"~";"~";"~";"~";"~"
"105";"-";"+";"+";"-";"ésotérique";"ésotérisme";"-";"-";"-";"-";"+";"+";"~";"Ce texte est d'un ésotérisme absolu";"~";"~";"~";"~"
"106";"-";"+";"+";"-";"espiègle";"espièglerie";"-";"-";"-";"+";"+";"+";"(Max+Cette conduite) a une certaine espièglerie";"~";"~";"~";"~";"~"
"107";"-";"+";"+";"+";"esthète";"esthétisme";"-";"-";"-";"-";"+";"+";"~";"(Cette attitude+Jean) est d'un esthétisme suranné";"~";"~";"~";"~"
"108";"+";"+";"+";"+";"étrange";"étrangeté";"-";"-";"-";"+";"+";"+";"~";"~";"~";"~";"~";"Que Paul dit cela a une certaine étrangeté"
"109";"+";"+";"+";"+";"excentrique";"excentricité";"-";"-";"-";"-";"+";"+";"(Max+Cet objet) a une certaine excentricité";"~";"~";"~";"~";"~"
"110";"+";"+";"+";"+";"exemplaire";"exemplarité";"-";"-";"-";"-";"+";"+";"Ce châtiment a une exemplarité reconnue";"~";"~";"~";"~";"~"
"111";"+";"+";"+";"+";"exotique";"exotisme";"-";"-";"-";"-";"+";"+";"Cette décoration a un certain exotisme";"~";"~";"~";"~";"~"
"112";"+";"+";"+";"+";"expressif";"expressivité";"-";"-";"-";"+";"+";"+";"~";"~";"~";"~";"~";"~"
"113";"+";"+";"+";"+";"extravagant";"extravagance";"-";"-";"-";"+";"+";"+";"(Ce projet+Max) a une certaine extravagance";"~";"~";"~";"~";"~"
"114";"-";"+";"+";"+";"exubérant";"exubérance";"-";"-";"-";"+";"+";"+";"Max a une certaine exubérance";"~";"~";"~";"~";"~"
"115";"-";"+";"+";"-";"faible";"faiblesse";"+";"+";"+";"+";"+";"+";"~";"~";"~";"~";"~";"~"
"116";"+";"+";"+";"-";"familier";"familiarité";"+";"+";"+";"+";"+";"+";"Max a une familiarité déplacée avec Léa";"Max est d'une familiarité déplacée avec Léa";"~";"~";"~";"~"
"117";"-";"+";"+";"-";"fanatique";"fanatisme";"-";"-";"-";"+";"+";"+";"Max a un certain fanatisme";"~";"~";"~";"~";"~"
"118";"+";"+";"+";"+";"fantaisiste";"fantaisie";"-";"-";"-";"+";"+";"+";"Max a une certaine fantaisie";"~";"~";"~";"~";"~"
"119";"-";"+";"+";"+";"fastueux";"faste";"-";"-";"-";"+";"+";"+";"Cette cérémonie a un certain faste";"~";"~";"~";"~";"~"
"120";"-";"+";"+";"-";"fataliste";"fatalisme";"-";"-";"-";"+";"+";"+";"Max a un certain fatalisme";"~";"~";"~";"~";"~"
"121";"-";"+";"+";"+";"fat";"fatuité";"-";"-";"-";"+";"+";"+";"Max a une certaine fatuité";"~";"~";"~";"~";"~"
"122";"-";"+";"+";"-";"faux";"fausseté";"-";"-";"-";"+";"+";"+";"Max a une certaine fausseté";"~";"~";"~";"~";"~"
"123";"-";"+";"+";"-";"félon";"félonie";"+";"+";"+";"+";"+";"+";"~";"~";"~";"~";"~";"~"
"124";"-";"+";"+";"+";"féminin";"féminité";"-";"-";"-";"+";"+";"+";"Léa a une certaine féminité";"~";"~";"~";"~";"~"
"125";"+";"+";"+";"-";"féroce";"férocité";"+";"+";"+";"+";"+";"+";"Max a une certaine férocité";"~";"~";"~";"~";"~"
"126";"+";"+";"+";"-";"fielleux";"fiel";"-";"-";"-";"+";"+";"+";"~";"~";"~";"~";"~";"~"
"127";"+";"+";"+";"-";"fier";"fierté";"-";"-";"-";"+";"+";"+";"~";"~";"~";"~";"~";"~"
"128";"-";"+";"+";"-";"filou";"filouterie";"+";"+";"+";"+";"+";"+";"Max a fait une filouterie à Léa";"~";"~";"~";"~";"~"
"129";"+";"+";"+";"-";"finaud";"finauderie";"-";"-";"-";"+";"+";"+";"Max a une certaine finauderie";"~";"~";"~";"~";"~"
"130";"-";"+";"+";"-";"flegmatique";"flegme";"+";"+";"+";"-";"+";"+";"Max a un certain flegme";"~";"~";"~";"~";"~"
"131";"+";"+";"+";"+";"formaliste";"formalisme";"+";"+";"+";"+";"+";"+";"~";"~";"~";"~";"~";"~"
"132";"-";"+";"+";"-";"fougueux";"fougue";"-";"-";"-";"+";"+";"+";"~";"~";"~";"~";"~";"~"
"133";"-";"+";"+";"-";"frénétique";"frénésie";"-";"-";"-";"-";"+";"+";"~";"~";"~";"~";"~";"~"
"134";"+";"+";"+";"+";"fripon";"friponnerie";"-";"-";"-";"+";"+";"+";"~";"~";"~";"~";"~";"~"
"135";"-";"+";"+";"-";"fripon";"friponnerie";"+";"+";"+";"+";"+";"+";"~";"~";"~";"~";"~";"~"
"136";"-";"+";"+";"+";"frugal";"frugalité";"-";"-";"-";"-";"-";"+";"~";"~";"~";"~";"~";"~"
"137";"+";"+";"+";"+";"futile";"futilité";"-";"-";"-";"-";"+";"+";"~";"~";"~";"~";"~";"~"
"138";"+";"+";"+";"-";"galant";"galanterie";"+";"+";"+";"+";"+";"+";"~";"~";"~";"~";"~";"~"
"139";"+";"+";"+";"-";"gamin";"gaminerie";"+";"+";"+";"-";"+";"+";"~";"~";"~";"~";"~";"~"
"140";"+";"+";"+";"+";"gauche";"gaucherie";"+";"+";"+";"+";"+";"+";"~";"~";"~";"~";"~";"~"
"141";"+";"+";"+";"-";"généreux";"générosité";"+";"+";"+";"+";"+";"+";"~";"~";"~";"~";"~";"~"
"142";"+";"+";"+";"-";"gentil";"gentillesse";"+";"+";"+";"+";"+";"+";"~";"~";"~";"~";"~";"~"
"143";"+";"+";"+";"-";"glorieux";"gloire";"-";"-";"-";"-";"-";"+";"~";"~";"~";"~";"~";"~"
"144";"-";"+";"+";"-";"goguenard";"goguenardise";"+";"+";"+";"-";"-";"+";"~";"~";"~";"~";"~";"~"
"145";"+";"+";"+";"+";"grand";"grandeur";"-";"-";"-";"+";"+";"+";"~";"~";"~";"~";"~";"~"
"146";"-";"+";"+";"-";"grandiloquent";"grandiloquence";"-";"-";"-";"+";"+";"+";"~";"~";"~";"~";"~";"~"
"147";"+";"+";"+";"-";"grivois";"grivoiserie";"-";"-";"-";"+";"+";"+";"~";"~";"~";"~";"~";"~"
"148";"+";"+";"+";"+";"grossier";"grossièreté";"+";"+";"+";"+";"+";"+";"~";"~";"~";"~";"~";"~"
"149";"+";"+";"+";"+";"grotesque";"grotesque";"-";"-";"-";"-";"+";"+";"~";"~";"~";"~";"~";"~"
"150";"+";"+";"+";"-";"habile";"habileté";"-";"-";"-";"+";"+";"+";"~";"~";"~";"~";"~";"~"
"151";"+";"+";"+";"+";"hardi";"hardiesse";"-";"-";"-";"+";"+";"+";"~";"~";"~";"~";"~";"~"
"152";"+";"+";"+";"-";"hautain";"hauteur";"+";"+";"+";"+";"+";"+";"~";"~";"~";"~";"~";"~"
"153";"+";"+";"+";"+";"hermétique";"hermétisme";"-";"-";"-";"+";"+";"+";"~";"~";"~";"~";"~";"~"
"154";"+";"+";"+";"-";"héroïque";"héroïsme";"-";"-";"-";"+";"+";"+";"~";"~";"~";"~";"~";"~"
"155";"-";"+";"+";"-";"hiératique";"hiératisme";"-";"-";"-";"-";"-";"+";"~";"~";"~";"~";"~";"~"
"156";"-";"+";"+";"-";"honnête";"honnêteté";"+";"+";"+";"+";"+";"+";"~";"~";"~";"~";"~";"~"
"157";"-";"+";"+";"-";"honorable";"honorabilité";"-";"-";"-";"-";"-";"+";"~";"~";"~";"~";"~";"~"
"158";"+";"+";"+";"-";"humaniste";"humanisme";"-";"-";"-";"-";"+";"+";"~";"~";"~";"~";"~";"~"
"159";"-";"+";"+";"-";"humain";"humanité";"-";"-";"-";"+";"+";"+";"~";"~";"~";"~";"~";"~"
"160";"+";"+";"+";"-";"humble";"humilité";"+";"+";"+";"+";"+";"+";"~";"~";"~";"~";"~";"~"
"161";"+";"+";"+";"-";"humoristique";"humour";"-";"-";"-";"+";"+";"+";"~";"~";"~";"~";"~";"~"
"162";"+";"+";"+";"-";"hypocrite";"hypocrisie";"+";"+";"+";"+";"+";"+";"~";"~";"~";"~";"~";"~"
"163";"-";"+";"+";"-";"idiot";"idiotie";"-";"-";"-";"+";"+";"+";"~";"~";"~";"~";"~";"~"
"164";"+";"+";"+";"+";"ignominieux";"ignominie";"-";"-";"-";"+";"+";"+";"~";"~";"~";"~";"~";"~"
"165";"-";"+";"+";"-";"imbécile";"imbécillité";"-";"-";"-";"-";"+";"+";"~";"~";"~";"~";"~";"~"
"166";"+";"+";"+";"+";"immoral";"immoralité";"-";"-";"-";"+";"+";"+";"~";"~";"~";"~";"~";"~"
"167";"+";"+";"+";"+";"immuable";"immuabilité";"-";"-";"-";"-";"-";"+";"~";"~";"~";"~";"~";"~"
"168";"-";"+";"+";"-";"impartial";"impartialité";"+";"+";"+";"+";"+";"+";"~";"~";"~";"~";"~";"~"
"169";"-";"+";"+";"-";"impassible";"impassibilité";"-";"-";"-";"+";"-";"+";"~";"~";"~";"~";"~";"~"
"170";"-";"+";"+";"-";"impatient";"impatience";"-";"-";"-";"+";"+";"+";"~";"~";"~";"~";"~";"~"
"171";"-";"+";"+";"+";"imparfait";"imperfection";"-";"-";"-";"-";"-";"+";"~";"~";"~";"~";"~";"~"
"172";"+";"+";"+";"-";"impertinent";"impertinence";"+";"+";"+";"+";"+";"+";"~";"~";"~";"~";"~";"~"
"173";"-";"+";"+";"-";"impétueux";"impétuosité";"-";"-";"-";"+";"+";"+";"~";"~";"~";"~";"~";"~"
"174";"-";"+";"+";"+";"impie";"impiété";"-";"-";"-";"-";"+";"+";"~";"~";"~";"~";"~";"~"
"175";"-";"+";"+";"-";"implacable";"implacabilité";"+";"+";"+";"+";"+";"+";"~";"~";"~";"~";"~";"~"
"176";"+";"+";"+";"-";"impoli";"impolitesse";"+";"+";"+";"-";"+";"+";"~";"~";"~";"~";"~";"~"
"177";"+";"+";"+";"+";"imprécis";"imprécision";"-";"-";"-";"+";"+";"+";"~";"~";"~";"~";"~";"~"
"178";"+";"+";"+";"+";"improductif";"improductivité";"-";"-";"-";"-";"+";"+";"~";"~";"~";"~";"~";"~"
"179";"-";"+";"+";"-";"impudent";"impudence";"+";"+";"+";"+";"+";"+";"~";"~";"~";"~";"~";"~"
"180";"-";"+";"+";"-";"impur";"impureté";"+";"+";"+";"+";"+";"+";"~";"~";"~";"~";"~";"~"
"181";"+";"+";"+";"-";"incivil";"incivilité";"+";"+";"+";"-";"+";"+";"~";"~";"~";"~";"~";"~"
"182";"+";"+";"+";"-";"incivique";"incivisme";"-";"-";"-";"-";"+";"+";"~";"~";"~";"~";"~";"~"
"183";"+";"+";"+";"+";"incohérent";"incohérence";"-";"-";"-";"+";"+";"+";"~";"~";"~";"~";"~";"~"
"184";"+";"+";"+";"+";"incongru";"incongruité";"-";"-";"-";"-";"+";"+";"~";"~";"~";"~";"~";"~"
"185";"-";"+";"+";"-";"inconsistant";"inconsistance";"-";"-";"-";"-";"+";"+";"~";"~";"~";"~";"~";"~"
"186";"-";"+";"+";"-";"inconstant";"inconstance";"+";"+";"+";"+";"+";"+";"~";"~";"~";"~";"~";"~"
"187";"+";"+";"+";"-";"inconvenant";"inconvenance";"+";"+";"+";"+";"+";"+";"~";"~";"~";"~";"~";"~"
"188";"+";"+";"+";"+";"indécent";"indécence";"-";"-";"-";"-";"+";"+";"~";"~";"~";"~";"~";"~"
"189";"+";"+";"+";"-";"indélicat";"indélicatesse";"+";"+";"+";"+";"+";"+";"~";"~";"~";"~";"~";"~"
"190";"-";"+";"+";"-";"indépendant";"indépendance";"-";"-";"-";"+";"+";"+";"~";"~";"~";"~";"~";"~"
"191";"+";"+";"+";"-";"indiscret";"indiscrétion";"-";"-";"-";"+";"+";"+";"~";"~";"~";"~";"~";"~"
"192";"-";"+";"+";"-";"indolent";"indolence";"-";"-";"-";"+";"+";"+";"~";"~";"~";"~";"~";"~"
"193";"+";"+";"+";"-";"indulgent";"indulgence";"+";"+";"+";"+";"+";"+";"~";"~";"~";"~";"~";"~"
"194";"+";"+";"+";"+";"inepte";"ineptie";"-";"-";"-";"-";"+";"+";"~";"~";"~";"~";"~";"~"
"195";"+";"+";"+";"-";"inéquitable";"inéquité";"+";"+";"+";"+";"+";"+";"~";"~";"~";"~";"~";"~"
"196";"-";"+";"+";"-";"inexorable";"inexorabilité";"+";"+";"+";"-";"-";"+";"~";"~";"~";"~";"~";"~"
"197";"-";"+";"+";"-";"infâme";"infamie";"-";"-";"-";"-";"+";"+";"~";"~";"~";"~";"~";"~"
"198";"+";"+";"+";"-";"infantile";"infantilisme";"-";"-";"-";"-";"+";"+";"~";"~";"~";"~";"~";"~"
"199";"-";"+";"+";"-";"inflexible";"inflexibilité";"-";"-";"-";"-";"+";"+";"~";"~";"~";"~";"~";"~"
"200";"+";"+";"+";"+";"ingénieux";"ingéniosité";"-";"-";"-";"+";"+";"+";"~";"~";"~";"~";"~";"~"
"201";"+";"+";"+";"+";"ingénu";"ingénuité";"-";"-";"-";"+";"+";"+";"~";"~";"~";"~";"~";"~"
"202";"+";"+";"+";"-";"inique";"iniquité";"+";"+";"+";"-";"+";"+";"~";"~";"~";"~";"~";"~"
"203";"-";"+";"+";"-";"innocent";"innocence";"-";"-";"-";"-";"+";"+";"~";"~";"~";"~";"~";"~"
"204";"+";"+";"+";"-";"insignifiant";"insignifiance";"-";"-";"-";"-";"-";"+";"~";"~";"~";"~";"~";"~"
"205";"+";"+";"+";"-";"insolent";"insolence";"+";"+";"+";"+";"+";"+";"~";"~";"~";"~";"~";"~"
"206";"-";"+";"+";"-";"insouciant";"insouciance";"-";"-";"-";"+";"+";"+";"~";"~";"~";"~";"~";"~"
"207";"-";"+";"+";"-";"intellectuel";"intellectualisme";"-";"-";"-";"-";"+";"+";"~";"~";"~";"~";"~";"~"
"208";"-";"+";"+";"-";"intelligent";"intelligence";"-";"-";"-";"+";"+";"+";"~";"~";"~";"~";"~";"~"
"209";"-";"+";"+";"-";"intempérant";"intempérance";"-";"-";"-";"+";"+";"+";"~";"~";"~";"~";"~";"~"
"210";"+";"+";"+";"-";"intrépide";"intrépidité";"-";"-";"-";"+";"+";"+";"~";"~";"~";"~";"~";"~"
"211";"-";"+";"+";"-";"ironique";"ironie";"+";"+";"+";"+";"+";"+";"~";"~";"~";"~";"~";"~"
"212";"+";"+";"+";"-";"irrationnel";"irrationalité";"-";"-";"-";"+";"+";"+";"~";"~";"~";"~";"~";"~"
"213";"+";"+";"+";"-";"irréaliste";"irréalisme";"-";"-";"-";"-";"+";"+";"~";"~";"~";"~";"~";"~"
"214";"+";"+";"+";"-";"irrespectueux";"irrespect";"+";"+";"+";"+";"+";"+";"~";"~";"~";"~";"~";"~"
"215";"+";"+";"+";"-";"irrévérencieux";"irrévérence";"+";"+";"+";"+";"+";"+";"~";"~";"~";"~";"~";"~"
"216";"+";"+";"+";"-";"jésuite";"jésuitisme";"-";"-";"-";"+";"+";"+";"~";"~";"~";"~";"~";"~"
"217";"+";"+";"+";"-";"j'm'en-fichiste";"j'm'en-fichisme";"+";"+";"+";"-";"+";"+";"~";"~";"~";"~";"~";"~"
"218";"-";"+";"+";"-";"jobard";"jobardise";"+";"+";"+";"+";"+";"+";"~";"~";"~";"~";"~";"~"
"219";"+";"+";"+";"-";"jovial";"jovialité";"-";"-";"-";"+";"+";"+";"~";"~";"~";"~";"~";"~"
"220";"-";"+";"+";"-";"juvénile";"juvénilité";"-";"-";"-";"+";"+";"+";"~";"~";"~";"~";"~";"~"
"221";"-";"+";"+";"-";"lâche";"lâcheté";"+";"+";"+";"+";"+";"+";"~";"~";"~";"~";"~";"~"
"222";"-";"+";"+";"-";"laconique";"laconisme";"-";"-";"-";"+";"+";"+";"~";"~";"~";"~";"~";"~"
"223";"-";"+";"+";"-";"ladre";"ladrerie";"-";"-";"-";"-";"+";"+";"~";"~";"~";"~";"~";"~"
"224";"-";"+";"+";"+";"lascif";"lascivité";"-";"-";"-";"+";"+";"+";"~";"~";"~";"~";"~";"~"
"225";"-";"+";"+";"-";"laxiste";"laxisme";"-";"-";"-";"+";"+";"+";"~";"~";"~";"~";"~";"~"
"226";"-";"+";"+";"-";"libéral";"libéralisme";"-";"-";"-";"-";"+";"+";"~";"~";"~";"~";"~";"~"
"227";"+";"+";"+";"+";"logique";"logique";"-";"-";"-";"+";"+";"+";"~";"~";"~";"~";"~";"~"
"228";"+";"+";"+";"+";"loufoque";"loufoquerie";"-";"-";"-";"-";"+";"+";"~";"~";"~";"~";"~";"~"
"229";"+";"+";"+";"-";"loyal";"loyauté";"+";"+";"+";"+";"+";"+";"~";"~";"~";"~";"~";"~"
"230";"-";"+";"+";"-";"lubrique";"lubricité";"-";"-";"-";"+";"+";"+";"~";"~";"~";"~";"~";"~"
"231";"-";"+";"+";"-";"lucide";"lucidité";"-";"-";"-";"+";"+";"+";"~";"~";"~";"~";"~";"~"
"232";"-";"+";"+";"-";"lymphatique";"lymphatisme";"-";"-";"-";"-";"-";"+";"~";"~";"~";"~";"~";"~"
"233";"+";"+";"+";"-";"machiavélique";"machiavélisme";"-";"-";"-";"+";"+";"+";"~";"~";"~";"~";"~";"~"
"234";"-";"+";"+";"-";"magnanime";"magnanimité";"+";"+";"+";"+";"+";"+";"~";"~";"~";"~";"~";"~"
"235";"+";"+";"+";"+";"magnifique";"magnificence";"-";"-";"-";"+";"+";"+";"~";"~";"~";"~";"~";"~"
"236";"+";"+";"+";"+";"maladroit";"maladresse";"+";"+";"+";"+";"+";"+";"~";"~";"~";"~";"~";"~"
"237";"-";"+";"+";"-";"malhonnête";"malhonnêteté";"+";"+";"+";"-";"+";"+";"~";"~";"~";"~";"~";"~"
"238";"-";"+";"+";"-";"malicieux";"malice";"-";"-";"-";"+";"+";"+";"~";"~";"~";"~";"~";"~"
"239";"+";"+";"+";"-";"malin";"malignité";"-";"-";"-";"+";"+";"+";"~";"~";"~";"~";"~";"~"
"240";"-";"+";"+";"-";"malveillant";"malveillance";"+";"+";"+";"+";"+";"+";"~";"~";"~";"~";"~";"~"
"241";"+";"+";"+";"-";"marginal";"marginalité";"-";"-";"-";"-";"+";"+";"~";"~";"~";"~";"~";"~"
"242";"-";"+";"+";"-";"masochiste";"masochisme";"-";"-";"-";"-";"+";"+";"~";"~";"~";"~";"~";"~"
"243";"-";"+";"+";"-";"matois";"matoiserie";"-";"-";"-";"+";"+";"+";"~";"~";"~";"~";"~";"~"
"244";"-";"+";"+";"-";"méchant";"méchanceté";"+";"+";"+";"+";"+";"+";"~";"~";"~";"~";"~";"~"
"245";"+";"+";"+";"+";"médiocre";"médiocrité";"-";"-";"-";"-";"+";"+";"~";"~";"~";"~";"~";"~"
"246";"-";"+";"+";"-";"mercantile";"mercantilisme";"-";"-";"-";"-";"+";"+";"~";"~";"~";"~";"~";"~"
"247";"+";"+";"+";"+";"mesquin";"mesquinerie";"-";"-";"-";"+";"+";"+";"~";"~";"~";"~";"~";"~"
"248";"+";"+";"+";"+";"mesuré";"mesure";"-";"-";"-";"+";"+";"+";"~";"~";"~";"~";"~";"~"
"249";"-";"+";"+";"+";"méticuleux";"méticulosité";"-";"-";"-";"-";"+";"+";"~";"~";"~";"~";"~";"~"
"250";"-";"+";"+";"+";"mièvre";"mièvrerie";"-";"-";"-";"+";"+";"+";"~";"~";"~";"~";"~";"~"
"251";"-";"+";"+";"+";"minutieux";"minutie";"-";"-";"-";"+";"+";"+";"~";"~";"~";"~";"~";"~"
"252";"+";"+";"+";"+";"moche";"mocheté";"-";"-";"-";"-";"+";"+";"~";"~";"~";"~";"~";"~"
"253";"-";"+";"+";"-";"modéré";"modération";"-";"-";"-";"+";"+";"+";"~";"~";"~";"~";"~";"~"
"254";"+";"+";"+";"+";"monstrueux";"monstruosité";"-";"-";"-";"-";"+";"+";"~";"~";"~";"~";"~";"~"
"255";"-";"+";"+";"-";"moral";"moralité";"-";"-";"-";"+";"+";"+";"~";"~";"~";"~";"~";"~"
"256";"-";"+";"+";"-";"morbide";"morbidité";"-";"-";"-";"-";"+";"+";"~";"~";"~";"~";"~";"~"
"257";"+";"+";"+";"-";"mufle";"muflerie";"+";"+";"+";"+";"+";"+";"~";"~";"~";"~";"~";"~"
"258";"-";"+";"+";"-";"munificent";"munificence";"-";"-";"-";"+";"+";"+";"~";"~";"~";"~";"~";"~"
"259";"-";"+";"+";"-";"mystique";"mysticisme";"-";"-";"-";"-";"+";"+";"~";"~";"~";"~";"~";"~"
"260";"-";"+";"+";"-";"naïf";"naïveté";"-";"-";"-";"+";"+";"+";"~";"~";"~";"~";"~";"~"
"261";"-";"+";"+";"-";"nerveux";"nervosité";"-";"-";"-";"+";"-";"+";"~";"~";"~";"~";"~";"~"
"262";"-";"+";"+";"-";"neutre";"neutralité";"-";"-";"-";"-";"+";"+";"~";"~";"~";"~";"~";"~"
"263";"+";"+";"+";"-";"niais";"niaiserie";"-";"-";"-";"+";"+";"+";"~";"~";"~";"~";"~";"~"
"264";"+";"+";"+";"-";"nigaud";"nigauderie";"-";"-";"-";"+";"+";"+";"~";"~";"~";"~";"~";"~"
"265";"+";"+";"+";"+";"noble";"noblesse";"-";"-";"-";"+";"+";"+";"~";"~";"~";"~";"~";"~"
"266";"-";"+";"+";"-";"nonchalant";"nonchalance";"-";"-";"-";"+";"+";"+";"~";"~";"~";"~";"~";"~"
"267";"-";"+";"+";"-";"nul";"nullité";"-";"-";"-";"+";"+";"+";"~";"~";"~";"~";"~";"~"
"268";"-";"+";"+";"-";"objectif";"objectivité";"-";"-";"-";"+";"+";"+";"~";"~";"~";"~";"~";"~"
"269";"-";"+";"+";"-";"obligeant";"obligeance";"+";"+";"+";"+";"+";"+";"~";"~";"~";"~";"~";"~"
"270";"+";"+";"+";"+";"obscène";"obscénité";"-";"-";"-";"-";"+";"+";"~";"~";"~";"~";"~";"~"
"271";"-";"+";"+";"-";"obséquieux";"obséquiosité";"+";"+";"+";"+";"+";"+";"~";"~";"~";"~";"~";"~"
"272";"-";"+";"+";"-";"opiniâtre";"opiniâtreté";"-";"-";"-";"+";"+";"+";"~";"~";"~";"~";"~";"~"
"273";"-";"+";"+";"-";"opportuniste";"opportunisme";"-";"-";"-";"-";"+";"+";"~";"~";"~";"~";"~";"~"
"274";"-";"+";"+";"-";"optimiste";"optimisme";"-";"-";"-";"+";"+";"+";"~";"~";"~";"~";"~";"~"
"275";"+";"+";"+";"+";"original";"originalité";"-";"-";"-";"+";"+";"+";"~";"~";"~";"~";"~";"~"
"276";"+";"+";"+";"-";"orthodoxe";"orthodoxie";"-";"-";"-";"+";"+";"+";"~";"~";"~";"~";"~";"~"
"277";"+";"+";"+";"+";"ostentatoire";"ostentation";"-";"-";"-";"+";"+";"+";"~";"~";"~";"~";"~";"~"
"278";"+";"+";"+";"+";"outrancier";"outrance";"-";"-";"-";"-";"+";"+";"~";"~";"~";"~";"~";"~"
"279";"+";"+";"+";"-";"outrecuidant";"outrecuidance";"-";"-";"-";"+";"+";"+";"~";"~";"~";"~";"~";"~"
"280";"-";"+";"+";"-";"pacifique";"pacifisme";"-";"-";"-";"-";"+";"+";"~";"~";"~";"~";"~";"~"
"281";"-";"+";"+";"-";"papelard";"papelardise";"-";"-";"-";"+";"+";"+";"~";"~";"~";"~";"~";"~"
"282";"-";"+";"+";"-";"parcimonieux";"parcimonie";"-";"-";"-";"-";"+";"+";"~";"~";"~";"~";"~";"~"
"283";"-";"+";"+";"-";"paresseux";"paresse";"-";"-";"-";"-";"+";"+";"~";"~";"~";"~";"~";"~"
"284";"+";"+";"+";"-";"partial";"partialité";"+";"+";"+";"-";"+";"+";"~";"~";"~";"~";"~";"~"
"285";"+";"+";"+";"+";"passéiste";"passéisme";"-";"-";"-";"-";"+";"+";"~";"~";"~";"~";"~";"~"
"286";"-";"+";"+";"-";"passif";"passivité";"-";"-";"-";"-";"+";"+";"~";"~";"~";"~";"~";"~"
"287";"+";"+";"+";"-";"pathétique";"pathétisme";"-";"-";"-";"-";"+";"+";"~";"~";"~";"~";"~";"~"
"288";"-";"-";"+";"-";"patriote";"patriotisme";"-";"-";"-";"+";"+";"+";"~";"~";"~";"~";"~";"~"
"289";"+";"+";"+";"+";"pédant";"pédantisme";"-";"-";"-";"+";"+";"+";"~";"~";"~";"~";"~";"~"
"290";"-";"+";"+";"+";"parfait";"perfection";"-";"-";"-";"-";"-";"+";"~";"~";"~";"~";"~";"~"
"291";"+";"+";"+";"-";"perfide";"perfidie";"+";"+";"+";"+";"+";"+";"~";"~";"~";"~";"~";"~"
"292";"-";"+";"+";"-";"permissif";"permissivité";"-";"-";"-";"-";"+";"+";"~";"~";"~";"~";"~";"~"
"293";"+";"+";"+";"-";"perspicace";"perspicacité";"-";"-";"-";"+";"+";"+";"~";"~";"~";"~";"~";"~"
"294";"+";"+";"+";"-";"pervers";"perversité";"-";"-";"-";"+";"+";"+";"~";"~";"~";"~";"~";"~"
"295";"-";"+";"+";"-";"pessimiste";"pessimisme";"-";"-";"-";"-";"+";"+";"~";"~";"~";"~";"~";"~"
"296";"-";"+";"+";"-";"pétulant";"pétulance";"-";"-";"-";"+";"-";"+";"~";"~";"~";"~";"~";"~"
"297";"-";"-";"+";"-";"philosophe";"philosophie";"-";"-";"-";"+";"+";"+";"~";"~";"~";"~";"~";"~"
"298";"-";"+";"+";"-";"pieux";"piété";"-";"-";"-";"+";"+";"+";"~";"~";"~";"~";"~";"~"
"299";"+";"+";"+";"-";"piquant";"piquant";"-";"-";"-";"+";"+";"+";"~";"~";"~";"~";"~";"~"
"300";"-";"+";"+";"-";"placide";"placidité";"-";"-";"-";"+";"-";"+";"~";"~";"~";"~";"~";"~"
"301";"-";"+";"+";"-";"pleutre";"pleutrerie";"-";"-";"-";"-";"+";"+";"~";"~";"~";"~";"~";"~"
"302";"+";"+";"+";"-";"poli";"politesse";"+";"+";"+";"-";"+";"+";"~";"~";"~";"~";"~";"~"
"303";"-";"+";"+";"+";"pompeux";"pompe";"-";"-";"-";"+";"+";"+";"~";"~";"~";"~";"~";"~"
"304";"+";"+";"+";"+";"pompier";"pompiérisme";"+";"+";"+";"+";"+";"+";"~";"~";"~";"~";"~";"~"
"305";"-";"+";"+";"-";"pondéré";"pondération";"+";"+";"+";"+";"+";"+";"~";"~";"~";"~";"~";"~"
"306";"+";"+";"+";"+";"populaire";"popularité";"-";"-";"-";"+";"-";"+";"~";"~";"~";"~";"~";"~"
"307";"-";"+";"+";"-";"pragmatique";"pragmatisme";"-";"-";"-";"+";"+";"+";"~";"~";"~";"~";"~";"~"
"308";"+";"+";"+";"+";"précieux";"préciosité";"-";"-";"-";"+";"+";"+";"~";"~";"~";"~";"~";"~"
"309";"-";"+";"+";"+";"prétentieux";"prétention";"-";"-";"-";"+";"+";"+";"~";"~";"~";"~";"~";"~"
"310";"-";"+";"+";"-";"probe";"probité";"-";"-";"-";"+";"+";"+";"~";"~";"~";"~";"~";"~"
"311";"-";"-";"+";"+";"productif";"productivité";"-";"-";"-";"-";"+";"+";"~";"~";"~";"~";"~";"~"
"312";"-";"+";"+";"-";"prolixe";"prolixité";"-";"-";"-";"+";"-";"+";"~";"~";"~";"~";"~";"~"
"313";"+";"+";"+";"+";"prosaïque";"prosaïsme";"-";"-";"-";"-";"+";"+";"~";"~";"~";"~";"~";"~"
"314";"+";"+";"+";"-";"provincial";"provincialisme";"-";"-";"-";"-";"+";"+";"~";"~";"~";"~";"~";"~"
"315";"-";"+";"+";"-";"prude";"pruderie";"-";"-";"-";"+";"+";"+";"~";"~";"~";"~";"~";"~"
"316";"-";"+";"+";"-";"pudique";"pudeur";"-";"-";"-";"+";"+";"+";"~";"~";"~";"~";"~";"~"
"317";"-";"+";"+";"+";"pudibond";"pudibonderie";"-";"-";"-";"+";"+";"+";"~";"~";"~";"~";"~";"~"
"318";"+";"+";"+";"-";"puéril";"puérilité";"-";"-";"-";"-";"+";"+";"~";"~";"~";"~";"~";"~"
"319";"-";"+";"+";"-";"pugnace";"pugnacité";"-";"-";"-";"+";"+";"+";"~";"~";"~";"~";"~";"~"
"320";"-";"+";"+";"+";"puissant";"puissance";"-";"-";"-";"+";"-";"+";"~";"~";"~";"~";"~";"~"
"321";"-";"+";"+";"-";"pur";"pureté";"-";"-";"-";"+";"+";"+";"~";"~";"~";"~";"~";"~"
"322";"-";"+";"+";"-";"puritain";"puritanisme";"-";"-";"-";"-";"+";"+";"~";"~";"~";"~";"~";"~"
"323";"-";"+";"+";"-";"pusillanime";"pusillanimité";"-";"-";"-";"+";"+";"+";"~";"~";"~";"~";"~";"~"
"324";"-";"+";"+";"-";"raciste";"racisme";"+";"+";"+";"+";"+";"+";"~";"~";"~";"~";"~";"~"
"325";"-";"+";"+";"+";"raffiné";"raffinement";"-";"-";"-";"+";"+";"+";"~";"~";"~";"~";"~";"~"
"326";"-";"+";"+";"-";"rapace";"rapacité";"-";"-";"-";"+";"+";"+";"~";"~";"~";"~";"~";"~"
"327";"-";"+";"+";"-";"réaliste";"réalisme";"-";"-";"-";"-";"+";"+";"~";"~";"~";"~";"~";"~"
"328";"-";"+";"+";"-";"réticent";"réticence";"+";"+";"+";"+";"-";"+";"~";"~";"~";"~";"~";"~"
"329";"-";"+";"+";"+";"rigoriste";"rigorisme";"+";"+";"+";"-";"+";"+";"~";"~";"~";"~";"~";"~"
"330";"+";"+";"+";"+";"romantique";"romantisme";"-";"-";"-";"-";"+";"+";"~";"~";"~";"~";"~";"~"
"331";"-";"+";"+";"-";"rosse";"rosserie";"+";"+";"+";"-";"+";"+";"~";"~";"~";"~";"~";"~"
"332";"+";"+";"+";"-";"roué";"rouerie";"-";"-";"-";"+";"+";"+";"~";"~";"~";"~";"~";"~"
"333";"+";"+";"+";"+";"rude";"rudesse";"+";"+";"+";"+";"+";"+";"~";"~";"~";"~";"~";"~"
"334";"-";"+";"+";"+";"rustique";"rusticité";"-";"-";"-";"+";"+";"+";"~";"~";"~";"~";"~";"~"
"335";"-";"+";"+";"-";"sadique";"sadisme";"+";"+";"+";"-";"+";"+";"~";"~";"~";"~";"~";"~"
"336";"-";"+";"+";"-";"sadomasochiste";"sadomasochisme";"-";"-";"-";"-";"+";"+";"~";"~";"~";"~";"~";"~"
"337";"-";"+";"+";"-";"sagace";"sagacité";"-";"-";"-";"+";"+";"+";"~";"~";"~";"~";"~";"~"
"338";"+";"+";"+";"-";"sage";"sagesse";"-";"-";"-";"+";"+";"+";"~";"~";"~";"~";"~";"~"
"339";"-";"+";"+";"-";"salace";"salacité";"-";"-";"-";"+";"+";"+";"~";"~";"~";"~";"~";"~"
"340";"+";"+";"+";"-";"satanique";"satanisme";"-";"-";"-";"+";"+";"+";"~";"~";"~";"~";"~";"~"
"341";"+";"+";"+";"+";"sauvage";"sauvagerie";"+";"+";"+";"+";"+";"+";"~";"~";"~";"~";"~";"~"
"342";"+";"+";"+";"-";"scélérat";"scélératesse";"+";"+";"+";"+";"+";"+";"~";"~";"~";"~";"~";"~"
"343";"-";"+";"+";"-";"sénile";"sénilité";"-";"-";"-";"-";"+";"+";"~";"~";"~";"~";"~";"~"
"344";"-";"+";"+";"-";"sensuel";"sensualité";"-";"-";"-";"+";"+";"+";"~";"~";"~";"~";"~";"~"
"345";"-";"+";"+";"-";"sentimental";"sentimentalité";"-";"-";"-";"+";"+";"+";"~";"~";"~";"~";"~";"~"
"346";"-";"+";"+";"-";"serein";"sérénité";"-";"-";"-";"+";"-";"+";"~";"~";"~";"~";"~";"~"
"347";"+";"+";"+";"-";"sérieux";"sérieux";"-";"-";"-";"+";"+";"+";"~";"~";"~";"~";"~";"~"
"348";"+";"+";"+";"-";"servile";"servilité";"+";"+";"+";"+";"+";"+";"~";"~";"~";"~";"~";"~"
"349";"+";"+";"+";"-";"sévère";"sévérité";"+";"+";"+";"+";"+";"+";"~";"~";"~";"~";"~";"~"
"350";"+";"+";"+";"+";"simple";"simplicité";"+";"+";"+";"+";"+";"+";"~";"~";"~";"~";"~";"~"
"351";"-";"+";"+";"-";"sincère";"sincérité";"+";"+";"+";"+";"+";"+";"~";"~";"~";"~";"~";"~"
"352";"+";"+";"+";"+";"singulier";"singularité";"-";"-";"-";"+";"+";"+";"~";"~";"~";"~";"~";"~"
"353";"-";"+";"+";"+";"snob";"snobisme";"-";"-";"-";"+";"+";"+";"~";"~";"~";"~";"~";"~"
"354";"-";"+";"+";"-";"sobre";"sobriété";"-";"-";"-";"+";"+";"+";"~";"~";"~";"~";"~";"~"
"355";"+";"+";"+";"+";"solennel";"solennité";"-";"-";"-";"+";"+";"+";"~";"~";"~";"~";"~";"~"
"356";"+";"+";"+";"+";"somptueux";"somptuosité";"-";"-";"-";"+";"+";"+";"~";"~";"~";"~";"~";"~"
"357";"+";"+";"+";"+";"sophistiqué";"sophistication";"-";"-";"-";"+";"+";"+";"~";"~";"~";"~";"~";"~"
"358";"+";"+";"+";"+";"sordide";"sordidité";"-";"-";"-";"-";"+";"+";"~";"~";"~";"~";"~";"~"
"359";"-";"+";"+";"-";"sournois";"sournoiserie";"+";"+";"+";"+";"+";"+";"~";"~";"~";"~";"~";"~"
"360";"-";"+";"+";"-";"spontané";"spontanéité";"-";"-";"-";"+";"+";"+";"~";"~";"~";"~";"~";"~"
"361";"+";"+";"+";"-";"sportif";"sportivité";"-";"-";"-";"-";"+";"+";"~";"~";"~";"~";"~";"~"
"362";"-";"+";"+";"-";"stérile";"stérilité";"-";"-";"-";"-";"+";"+";"~";"~";"~";"~";"~";"~"
"363";"-";"+";"+";"-";"stoïque";"stoïcisme";"-";"-";"-";"-";"+";"+";"~";"~";"~";"~";"~";"~"
"364";"+";"+";"+";"-";"stupide";"stupidité";"-";"-";"-";"+";"+";"+";"~";"~";"~";"~";"~";"~"
"365";"-";"+";"+";"-";"subjectif";"subjectivité";"-";"-";"-";"-";"+";"+";"~";"~";"~";"~";"~";"~"
"366";"+";"+";"+";"-";"subtil";"subtilité";"-";"-";"-";"+";"+";"+";"~";"~";"~";"~";"~";"~"
"367";"-";"+";"+";"-";"suffisant";"suffisance";"+";"+";"+";"+";"+";"+";"~";"~";"~";"~";"~";"~"
"368";"-";"+";"+";"-";"sybarite";"sybaritisme";"-";"-";"-";"-";"+";"+";"~";"~";"~";"~";"~";"~"
"369";"+";"+";"+";"+";"symbolique";"symbolisme";"-";"-";"-";"-";"+";"+";"~";"~";"~";"~";"~";"~"
"370";"-";"+";"+";"+";"téméraire";"témérité";"-";"-";"-";"+";"+";"+";"~";"~";"~";"~";"~";"~"
"371";"-";"+";"+";"-";"tempérant";"tempérance";"-";"-";"-";"+";"+";"+";"~";"~";"~";"~";"~";"~"
"372";"-";"+";"+";"-";"tendre";"tendresse";"+";"+";"+";"+";"+";"+";"~";"~";"~";"~";"~";"~"
"373";"-";"+";"+";"-";"timide";"timidité";"-";"-";"-";"+";"+";"+";"~";"~";"~";"~";"~";"~"
"374";"-";"+";"+";"-";"traître";"traîtrise";"+";"+";"+";"+";"+";"+";"~";"~";"~";"~";"~";"~"
"375";"+";"+";"+";"+";"trivial";"trivialité";"-";"-";"-";"-";"+";"+";"~";"~";"~";"~";"~";"~"
"376";"+";"+";"+";"-";"truculent";"truculence";"-";"-";"-";"+";"-";"+";"~";"~";"~";"~";"~";"~"
"377";"-";"+";"+";"-";"turpide";"turpidité";"-";"-";"-";"-";"+";"+";"~";"~";"~";"~";"~";"~"
"378";"+";"+";"+";"-";"urbain";"urbanité";"+";"+";"+";"+";"+";"+";"~";"~";"~";"~";"~";"~"
"379";"-";"+";"+";"-";"utopique";"utopisme";"-";"-";"-";"-";"+";"+";"~";"~";"~";"~";"~";"~"
"380";"-";"-";"+";"-";"vache";"vacherie";"+";"+";"+";"-";"+";"+";"~";"~";"~";"~";"~";"~"
"381";"-";"+";"+";"-";"véhément";"véhémence";"-";"-";"-";"+";"+";"+";"~";"~";"~";"~";"~";"~"
"382";"-";"+";"+";"-";"vénal";"vénalité";"-";"-";"-";"-";"+";"+";"~";"~";"~";"~";"~";"~"
"383";"+";"+";"+";"-";"venimeux";"venimosité";"-";"-";"-";"+";"+";"+";"~";"~";"~";"~";"~";"~"
"384";"-";"+";"+";"-";"verbeux";"verbosité";"-";"-";"-";"+";"+";"+";"~";"~";"~";"~";"~";"~"
"385";"-";"+";"+";"-";"versatile";"versatilité";"-";"-";"-";"-";"+";"+";"~";"~";"~";"~";"~";"~"
"386";"-";"-";"+";"-";"vertueux";"vertu";"-";"-";"-";"+";"+";"+";"~";"~";"~";"~";"~";"~"
"387";"+";"+";"+";"-";"veule";"veulerie";"-";"-";"-";"+";"+";"+";"~";"~";"~";"~";"~";"~"
"388";"-";"+";"+";"-";"vigilant";"vigilance";"+";"+";"+";"+";"+";"+";"~";"~";"~";"~";"~";"~"
"389";"-";"+";"+";"+";"vigoureux";"vigueur";"-";"-";"-";"+";"+";"+";"~";"~";"~";"~";"~";"~"
"390";"-";"+";"+";"-";"vil";"vilenie";"-";"-";"-";"-";"+";"+";"~";"~";"~";"~";"~";"~"
"391";"+";"+";"+";"-";"violent";"violence";"+";"+";"+";"+";"+";"+";"~";"~";"~";"~";"~";"~"
"392";"-";"+";"+";"-";"viril";"virilité";"-";"-";"-";"+";"+";"+";"~";"~";"~";"~";"~";"~"
"393";"+";"+";"+";"-";"virtuose";"virtuosité";"-";"-";"-";"+";"+";"+";"~";"~";"~";"~";"~";"~"
"394";"+";"+";"+";"+";"vulgaire";"vulgarité";"+";"+";"+";"+";"+";"+";"~";"~";"~";"~";"~";"~"
