"<ID>";"N0 =: Nhum";"N0 =: N-hum";"N0 =: Nnr";"N0 =: le fait Qu P";"N0 =: Qu Psubj";"N0 =: le fait de V-inf W";"N0 =: V-inf W";"N1 =: Nhum";"N1 =: N-hum";"N1 =: Nnr";"N1 =: le fait Qu P";"N1 =: le fait de V-inf W";"Vsup =: avoir";"Vsup =: avoir eu";"N0 donner Det N";"Det =: un";"Det =: un-Modif";"Det =: des";"Det =: des-Modif";"(N0+N1) =: Npl obl";"Det =: le";"N0 Vsup le N de V0-inf W";"Det =: du";"N0 Vsup du N pour N1";"Det =: <E>";"<ENT>N";"N0 Vsup Det N";"Prép1 =: pour";"Prép1 =: contre";"Prép1 =: à";"Prép1 =: de";"Prép1 =: d'avec";"il y Vsup (E+Det) N entre N0 et N1";"il y Vsup Det N entre N1";"N0 faire Det N";"N0 être Prép Det N avec N1";"N0 et N1 être Prép Det N";"N0 être Vpp avec N1";"N0 et N1 être Vpp";"N0 être Adj avec N1";"N0 et N1 être Adj";"N0 V N1";"N0 V avec N1";"N0 V N1 (à+avec+et) N2";"N0 se V avec N1";"Exemple Base1";"Exemple Autre1";"Exemple Autre2";"Exemple Autre3"
"1";"+";"+";"-";"-";"-";"-";"-";"+";"+";"-";"-";"-";"-";"+";"-";"+";"+";"+";"+";"-";"-";"-";"-";"-";"-";"abouchement";"-";"-";"-";"+";"-";"-";"+";"+";"-";"+";"+";"+";"+";"-";"-";"-";"-";"+";"-";"~";"~";"~";"~"
"2";"-";"+";"-";"-";"-";"-";"-";"-";"+";"-";"-";"-";"-";"+";"-";"+";"+";"+";"+";"-";"-";"-";"-";"-";"-";"aboutement";"-";"-";"-";"-";"-";"-";"+";"+";"-";"+";"+";"+";"+";"-";"-";"-";"-";"+";"-";"~";"~";"~";"~"
"3";"-";"+";"-";"-";"-";"-";"-";"-";"+";"-";"-";"-";"-";"+";"-";"+";"+";"+";"+";"-";"-";"+";"-";"-";"-";"accident";"+";"-";"-";"-";"-";"-";"+";"+";"+";"-";"-";"-";"-";"-";"-";"-";"-";"-";"-";"~";"~";"~";"~"
"4";"+";"-";"-";"-";"-";"-";"-";"+";"-";"-";"-";"-";"+";"-";"-";"-";"-";"+";"+";"-";"-";"-";"+";"-";"-";"accointance";"-";"-";"-";"-";"-";"-";"+";"+";"-";"+";"+";"-";"-";"-";"-";"-";"-";"-";"+";"~";"~";"~";"~"
"5";"+";"-";"-";"-";"-";"-";"-";"+";"-";"-";"-";"-";"+";"-";"-";"-";"+";"+";"+";"-";"-";"-";"-";"-";"-";"accointement";"-";"-";"-";"-";"-";"-";"+";"+";"-";"-";"-";"+";"+";"-";"-";"-";"-";"-";"+";"~";"~";"~";"~"
"6";"+";"-";"-";"-";"-";"-";"-";"+";"-";"-";"-";"-";"+";"+";"-";"+";"+";"+";"+";"-";"-";"-";"-";"-";"-";"accommodement";"+";"-";"-";"-";"-";"-";"+";"+";"+";"-";"-";"-";"-";"-";"-";"-";"-";"+";"-";"~";"~";"~";"~"
"7";"+";"-";"-";"-";"-";"-";"-";"+";"-";"-";"-";"-";"+";"+";"-";"+";"+";"+";"+";"-";"-";"-";"-";"-";"-";"accord";"+";"-";"-";"-";"+";"-";"+";"+";"+";"+";"+";"-";"-";"-";"-";"-";"-";"+";"-";"~";"~";"~";"~"
"8";"+";"-";"-";"-";"-";"-";"-";"+";"-";"-";"-";"-";"-";"+";"+";"-";"+";"-";"+";"-";"-";"-";"-";"-";"-";"accouplement";"+";"-";"-";"+";"-";"-";"+";"+";"-";"+";"+";"+";"+";"-";"-";"-";"-";"+";"-";"~";"~";"~";"~"
"9";"+";"-";"-";"-";"-";"-";"-";"+";"-";"-";"-";"-";"-";"+";"-";"+";"+";"+";"+";"-";"-";"-";"-";"-";"-";"accroc";"-";"-";"-";"-";"-";"-";"+";"+";"-";"-";"-";"-";"-";"-";"-";"-";"-";"-";"+";"~";"~";"~";"~"
"10";"+";"-";"-";"-";"-";"-";"-";"+";"-";"-";"-";"-";"-";"+";"-";"+";"+";"+";"+";"-";"-";"-";"-";"-";"-";"accrochage";"+";"-";"-";"-";"-";"-";"+";"+";"-";"+";"+";"-";"-";"-";"-";"-";"-";"-";"-";"~";"~";"~";"~"
"11";"-";"+";"+";"+";"+";"+";"+";"-";"+";"+";"+";"+";"+";"-";"-";"-";"+";"-";"-";"-";"-";"-";"-";"-";"-";"adéquation";"-";"-";"-";"+";"-";"-";"+";"+";"-";"+";"+";"-";"-";"-";"-";"-";"-";"-";"-";"~";"~";"~";"~"
"12";"-";"+";"-";"-";"-";"-";"-";"-";"+";"-";"-";"-";"+";"-";"-";"-";"+";"-";"-";"-";"-";"-";"-";"-";"-";"adhérence";"+";"-";"-";"+";"-";"-";"+";"+";"-";"+";"+";"-";"-";"-";"-";"-";"+";"-";"-";"~";"~";"~";"~"
"13";"+";"-";"-";"-";"-";"-";"-";"+";"-";"-";"-";"-";"+";"+";"-";"+";"+";"-";"-";"-";"-";"+";"-";"-";"-";"affaire";"-";"-";"-";"-";"-";"-";"+";"+";"+";"+";"+";"+";"+";"+";"+";"+";"+";"+";"+";"~";"~";"~";"~"
"14";"+";"-";"-";"-";"-";"-";"-";"+";"-";"-";"-";"-";"+";"+";"-";"-";"-";"-";"-";"-";"-";"-";"-";"-";"+";"affaire";"-";"-";"-";"+";"-";"-";"+";"-";"+";"-";"-";"-";"-";"-";"-";"-";"-";"-";"-";"~";"~";"~";"~"
"15";"+";"-";"-";"-";"-";"-";"-";"+";"-";"-";"-";"-";"+";"-";"-";"+";"+";"+";"+";"+";"+";"-";"-";"-";"-";"affiliation";"-";"-";"-";"+";"-";"-";"+";"+";"-";"+";"+";"+";"+";"-";"-";"-";"-";"+";"-";"~";"~";"~";"~"
"16";"-";"+";"-";"-";"-";"-";"-";"-";"+";"-";"-";"-";"+";"-";"-";"+";"+";"+";"+";"-";"-";"-";"+";"+";"-";"affinité";"-";"+";"-";"-";"-";"-";"+";"+";"-";"+";"+";"-";"-";"-";"-";"-";"-";"-";"-";"~";"~";"~";"~"
"17";"+";"-";"-";"-";"-";"-";"-";"+";"-";"-";"-";"-";"-";"+";"-";"+";"+";"+";"+";"-";"-";"-";"-";"-";"-";"affrontement";"+";"-";"-";"-";"-";"-";"+";"+";"-";"+";"+";"-";"-";"-";"-";"+";"-";"-";"+";"~";"~";"~";"~"
"18";"-";"+";"-";"-";"-";"-";"-";"-";"+";"-";"-";"-";"+";"-";"-";"-";"+";"-";"-";"-";"-";"-";"-";"-";"-";"agglutination";"-";"-";"-";"-";"-";"-";"+";"+";"-";"+";"+";"+";"+";"-";"-";"-";"-";"+";"-";"~";"~";"~";"~"
"19";"+";"-";"-";"-";"-";"-";"-";"+";"-";"-";"-";"-";"+";"+";"-";"+";"+";"+";"+";"+";"-";"-";"-";"-";"-";"alliance";"+";"-";"-";"-";"-";"-";"+";"+";"+";"+";"+";"+";"+";"-";"-";"-";"-";"+";"-";"~";"~";"~";"~"
"20";"+";"-";"-";"-";"-";"-";"-";"+";"-";"-";"-";"-";"-";"+";"-";"+";"+";"+";"+";"-";"-";"-";"-";"-";"-";"altercation";"+";"-";"+";"-";"-";"-";"+";"+";"+";"+";"+";"-";"-";"-";"-";"-";"-";"-";"-";"~";"~";"~";"~"
"21";"+";"-";"-";"-";"-";"-";"-";"+";"-";"-";"-";"-";"+";"-";"-";"+";"+";"-";"+";"-";"-";"+";"-";"+";"-";"amitié";"-";"+";"-";"-";"-";"-";"+";"+";"-";"+";"+";"-";"-";"+";"+";"-";"-";"-";"-";"~";"~";"~";"~"
"22";"+";"-";"-";"-";"-";"-";"-";"+";"-";"-";"-";"-";"+";"-";"-";"-";"+";"-";"+";"-";"-";"+";"-";"+";"-";"amour";"-";"+";"-";"-";"-";"-";"+";"+";"+";"+";"+";"-";"-";"-";"-";"+";"-";"-";"-";"~";"~";"~";"~"
"23";"+";"-";"-";"-";"-";"-";"-";"+";"-";"-";"-";"-";"+";"+";"-";"+";"+";"-";"+";"+";"-";"-";"-";"-";"-";"amourette";"+";"-";"-";"-";"-";"-";"+";"+";"-";"-";"-";"-";"-";"-";"-";"+";"-";"-";"+";"~";"~";"~";"~"
"24";"-";"+";"+";"+";"+";"+";"+";"-";"+";"+";"+";"+";"+";"-";"-";"+";"+";"+";"+";"-";"-";"-";"-";"-";"-";"analogie";"-";"-";"-";"-";"-";"-";"+";"+";"-";"-";"-";"-";"-";"+";"+";"-";"-";"-";"-";"~";"~";"~";"~"
"25";"+";"-";"-";"-";"-";"-";"-";"+";"-";"-";"-";"-";"-";"+";"+";"+";"+";"+";"+";"-";"-";"-";"-";"-";"-";"anicroche";"+";"-";"-";"-";"-";"-";"+";"+";"-";"-";"-";"-";"-";"-";"-";"-";"-";"-";"-";"~";"~";"~";"~"
"26";"+";"-";"-";"-";"-";"-";"-";"+";"-";"-";"-";"-";"-";"+";"-";"+";"+";"+";"+";"-";"-";"-";"-";"-";"-";"aparté";"-";"-";"-";"-";"-";"-";"+";"+";"+";"-";"-";"-";"-";"-";"-";"-";"-";"-";"-";"~";"~";"~";"~"
"27";"+";"-";"-";"-";"-";"-";"-";"+";"-";"-";"-";"-";"-";"+";"-";"+";"+";"+";"+";"-";"+";"-";"-";"-";"-";"arbitrage";"+";"-";"-";"-";"-";"-";"+";"+";"-";"+";"+";"-";"-";"-";"-";"-";"-";"-";"-";"~";"~";"~";"~"
"28";"+";"-";"-";"-";"-";"-";"-";"+";"-";"-";"-";"-";"-";"+";"-";"+";"+";"+";"+";"-";"-";"-";"-";"-";"-";"argumentation";"+";"-";"-";"-";"-";"-";"+";"+";"-";"+";"+";"-";"-";"-";"-";"-";"+";"-";"+";"~";"~";"~";"~"
"29";"+";"-";"-";"-";"-";"-";"-";"+";"-";"-";"-";"-";"+";"-";"-";"+";"+";"+";"+";"-";"-";"+";"-";"-";"-";"arrangement";"+";"-";"-";"-";"-";"-";"+";"+";"+";"-";"-";"+";"+";"-";"-";"-";"-";"+";"-";"~";"~";"~";"~"
"30";"+";"-";"-";"-";"-";"-";"-";"+";"-";"-";"-";"-";"+";"-";"-";"-";"+";"+";"+";"+";"-";"-";"-";"-";"-";"association";"-";"-";"-";"-";"-";"-";"+";"+";"-";"+";"+";"+";"+";"-";"-";"-";"-";"+";"-";"~";"~";"~";"~"
"31";"-";"+";"+";"+";"+";"+";"+";"-";"+";"+";"+";"+";"+";"-";"+";"+";"+";"+";"+";"-";"-";"-";"-";"-";"-";"assonance";"-";"-";"-";"-";"-";"-";"+";"+";"-";"+";"+";"-";"-";"-";"-";"-";"-";"-";"-";"~";"~";"~";"~"
"32";"-";"+";"+";"+";"+";"+";"+";"-";"+";"+";"+";"+";"+";"-";"+";"-";"+";"-";"-";"-";"-";"-";"-";"-";"-";"asymétrie";"-";"-";"-";"-";"-";"-";"+";"+";"-";"+";"+";"-";"-";"+";"+";"-";"-";"-";"-";"~";"~";"~";"~"
"33";"+";"-";"-";"-";"-";"-";"-";"+";"-";"-";"-";"-";"+";"-";"+";"-";"+";"-";"+";"-";"-";"-";"-";"-";"-";"attache";"-";"-";"-";"-";"-";"-";"+";"+";"-";"-";"-";"-";"-";"-";"-";"-";"-";"-";"+";"~";"~";"~";"~"
"34";"+";"-";"-";"-";"-";"-";"-";"+";"-";"-";"-";"-";"+";"-";"-";"-";"+";"-";"+";"-";"-";"-";"-";"+";"-";"attachement";"-";"-";"-";"+";"-";"-";"+";"+";"-";"-";"-";"-";"-";"-";"-";"-";"-";"-";"+";"~";"~";"~";"~"
"35";"+";"-";"-";"-";"-";"-";"-";"+";"-";"-";"-";"-";"-";"+";"-";"+";"+";"+";"+";"-";"-";"-";"-";"-";"-";"attrapade";"+";"-";"-";"-";"-";"-";"+";"+";"-";"+";"+";"-";"-";"-";"-";"+";"-";"-";"+";"~";"~";"~";"~"
"36";"+";"-";"-";"-";"-";"-";"-";"+";"-";"-";"-";"-";"-";"+";"-";"+";"+";"+";"+";"-";"-";"-";"-";"-";"-";"attrapage";"+";"-";"-";"-";"-";"-";"+";"+";"-";"+";"+";"-";"-";"-";"-";"+";"-";"-";"+";"~";"~";"~";"~"
"37";"+";"-";"-";"-";"-";"-";"-";"+";"-";"-";"-";"-";"-";"+";"-";"+";"+";"+";"+";"-";"-";"+";"-";"-";"-";"audience";"+";"-";"-";"-";"-";"-";"+";"+";"-";"-";"-";"+";"+";"-";"-";"-";"-";"-";"-";"~";"~";"~";"~"
"38";"+";"-";"-";"-";"-";"-";"-";"+";"-";"-";"-";"-";"-";"+";"+";"+";"+";"+";"+";"-";"-";"+";"-";"-";"-";"avarie";"+";"-";"-";"-";"-";"-";"-";"-";"-";"-";"-";"-";"-";"-";"-";"-";"-";"-";"-";"~";"~";"~";"~"
"39";"+";"-";"-";"-";"-";"-";"-";"+";"-";"-";"-";"-";"-";"+";"-";"+";"+";"+";"+";"+";"-";"+";"-";"-";"-";"aventure";"+";"-";"-";"-";"-";"-";"+";"+";"-";"-";"-";"-";"-";"-";"-";"-";"-";"-";"-";"Max a eu une aventure avec Marie";"~";"~";"~"
"40";"+";"-";"-";"-";"-";"-";"-";"+";"-";"-";"-";"-";"-";"+";"-";"+";"+";"+";"+";"-";"-";"-";"-";"-";"-";"bagarre";"+";"-";"+";"-";"-";"-";"+";"+";"+";"+";"+";"-";"-";"-";"-";"-";"+";"-";"+";"~";"~";"~";"~"
"41";"+";"-";"-";"-";"-";"-";"-";"+";"-";"-";"-";"-";"-";"+";"-";"+";"+";"+";"+";"-";"-";"-";"-";"-";"-";"bataille";"+";"-";"+";"-";"-";"-";"+";"+";"+";"+";"+";"-";"-";"-";"-";"-";"-";"-";"+";"~";"~";"~";"~"
"42";"+";"-";"-";"-";"-";"-";"-";"+";"-";"-";"-";"-";"-";"+";"-";"+";"+";"+";"+";"-";"-";"-";"-";"-";"-";"batterie";"+";"-";"+";"-";"-";"-";"+";"+";"-";"+";"+";"-";"-";"-";"-";"-";"-";"-";"+";"~";"~";"~";"~"
"43";"+";"-";"-";"-";"-";"-";"-";"+";"-";"-";"-";"-";"-";"+";"-";"-";"+";"-";"+";"-";"-";"-";"-";"-";"-";"bavardage";"-";"-";"-";"-";"-";"-";"+";"+";"+";"+";"+";"-";"-";"-";"-";"-";"+";"-";"-";"~";"~";"~";"~"
"44";"+";"-";"-";"-";"-";"-";"-";"+";"-";"-";"-";"-";"-";"+";"-";"+";"+";"+";"+";"-";"-";"-";"-";"-";"-";"bébé";"+";"-";"-";"-";"+";"-";"-";"-";"+";"-";"-";"-";"-";"-";"-";"-";"-";"-";"-";"~";"~";"~";"~"
"45";"+";"-";"-";"-";"-";"-";"-";"+";"-";"-";"-";"-";"+";"+";"-";"-";"+";"-";"-";"-";"-";"-";"+";"-";"-";"bisbille";"+";"-";"-";"-";"-";"-";"+";"+";"-";"+";"+";"-";"-";"-";"-";"-";"-";"-";"-";"~";"~";"~";"~"
"46";"+";"-";"-";"-";"-";"-";"-";"+";"-";"-";"-";"-";"+";"+";"-";"+";"+";"+";"+";"-";"-";"-";"-";"-";"-";"brouille";"+";"-";"-";"-";"-";"-";"+";"+";"-";"+";"+";"+";"+";"-";"-";"-";"-";"+";"-";"~";"~";"~";"~"
"47";"+";"-";"-";"-";"-";"-";"-";"+";"-";"-";"-";"-";"+";"+";"-";"+";"+";"+";"+";"-";"-";"-";"-";"-";"-";"brouillerie";"+";"-";"-";"-";"-";"-";"+";"+";"-";"+";"+";"+";"+";"-";"-";"-";"-";"+";"-";"~";"~";"~";"~"
"48";"+";"-";"-";"-";"-";"-";"-";"+";"-";"-";"-";"-";"+";"+";"-";"-";"+";"-";"-";"-";"-";"+";"-";"+";"-";"camaraderie";"-";"+";"-";"-";"-";"-";"+";"+";"-";"-";"-";"-";"-";"+";"+";"-";"-";"-";"-";"~";"~";"~";"~"
"49";"+";"-";"-";"-";"-";"-";"-";"+";"-";"-";"-";"-";"-";"+";"-";"+";"+";"+";"+";"-";"-";"-";"-";"-";"-";"catastrophe";"+";"-";"-";"-";"-";"-";"+";"+";"-";"-";"-";"-";"-";"-";"-";"-";"-";"-";"-";"~";"~";"~";"~"
"50";"+";"-";"-";"-";"-";"-";"-";"+";"-";"-";"-";"-";"-";"+";"-";"+";"+";"+";"+";"-";"-";"-";"-";"-";"-";"causerie";"+";"-";"-";"-";"-";"-";"+";"+";"+";"+";"+";"-";"-";"-";"-";"-";"+";"-";"-";"~";"~";"Il y a une causerie à bâton rompus entre Max et moi";"Max a fait une causerie sur le bilinguisme"
"51";"+";"-";"-";"-";"-";"-";"-";"+";"-";"-";"-";"-";"-";"+";"-";"+";"+";"+";"+";"-";"-";"-";"-";"-";"-";"causette";"+";"-";"-";"-";"-";"-";"+";"+";"+";"+";"+";"-";"-";"-";"-";"-";"+";"-";"-";"~";"~";"~";"Max fait la causette avec Marie"
"52";"+";"-";"-";"-";"-";"-";"-";"+";"-";"-";"-";"-";"-";"+";"-";"+";"+";"+";"+";"-";"-";"-";"-";"-";"-";"chamaillerie";"+";"-";"+";"-";"-";"-";"+";"+";"-";"+";"+";"-";"-";"-";"-";"-";"-";"-";"+";"~";"~";"~";"~"
"53";"+";"-";"-";"-";"-";"-";"-";"+";"-";"-";"-";"-";"+";"+";"-";"+";"+";"+";"+";"-";"-";"-";"-";"-";"-";"chassé-croisé";"+";"-";"-";"-";"-";"-";"+";"+";"-";"+";"+";"+";"+";"-";"-";"-";"-";"-";"-";"~";"~";"~";"~"
"54";"+";"-";"-";"-";"-";"-";"-";"+";"-";"-";"-";"-";"+";"+";"-";"+";"+";"+";"+";"-";"-";"-";"-";"-";"-";"chicane";"+";"+";"+";"-";"+";"+";"-";"-";"+";"+";"+";"-";"-";"-";"-";"+";"+";"-";"+";"~";"~";"~";"~"
"55";"+";"-";"-";"-";"-";"-";"-";"+";"-";"-";"-";"-";"+";"-";"-";"-";"+";"-";"-";"-";"-";"-";"-";"-";"-";"coexistence";"-";"-";"-";"-";"-";"-";"+";"+";"-";"+";"+";"-";"-";"-";"-";"-";"+";"-";"-";"~";"~";"~";"~"
"56";"+";"-";"-";"-";"-";"-";"-";"+";"-";"-";"-";"-";"+";"+";"+";"-";"-";"-";"-";"-";"+";"-";"-";"-";"-";"cogérance";"+";"-";"-";"-";"-";"-";"+";"+";"-";"+";"+";"-";"-";"-";"-";"-";"-";"-";"-";"~";"~";"~";"~"
"57";"+";"-";"-";"-";"-";"-";"-";"+";"-";"-";"-";"-";"+";"+";"+";"-";"-";"-";"-";"-";"+";"-";"-";"-";"-";"cogestion";"+";"-";"-";"-";"-";"-";"-";"+";"-";"+";"+";"-";"-";"+";"+";"-";"+";"-";"-";"~";"~";"~";"~"
"58";"-";"+";"+";"+";"+";"+";"+";"-";"+";"+";"+";"+";"+";"-";"+";"-";"+";"-";"-";"-";"-";"+";"+";"-";"-";"cohérence";"+";"-";"-";"-";"-";"-";"+";"+";"-";"+";"+";"-";"-";"+";"+";"-";"-";"-";"-";"~";"~";"~";"~"
"59";"+";"-";"-";"-";"-";"-";"-";"+";"-";"-";"-";"-";"-";"+";"+";"+";"+";"+";"+";"-";"+";"-";"-";"-";"-";"cohéritage";"+";"-";"-";"-";"-";"-";"-";"-";"-";"+";"+";"-";"-";"+";"+";"-";"+";"-";"-";"~";"~";"~";"~"
"60";"-";"+";"+";"+";"+";"+";"+";"-";"+";"+";"+";"+";"+";"-";"+";"-";"+";"-";"-";"-";"-";"-";"+";"-";"-";"cohésion";"+";"-";"-";"-";"-";"-";"+";"+";"-";"+";"+";"-";"-";"-";"-";"-";"-";"-";"-";"~";"~";"~";"~"
"61";"+";"-";"-";"-";"-";"-";"-";"+";"-";"-";"-";"-";"-";"+";"-";"-";"+";"-";"+";"-";"-";"-";"-";"-";"-";"coït";"+";"-";"-";"-";"-";"-";"+";"+";"-";"+";"+";"-";"-";"-";"-";"-";"-";"-";"-";"~";"~";"~";"~"
"62";"+";"-";"-";"-";"-";"-";"-";"+";"-";"-";"-";"-";"+";"+";"+";"-";"+";"-";"-";"-";"-";"+";"-";"-";"-";"collaboration";"-";"-";"-";"-";"+";"-";"+";"+";"-";"+";"+";"-";"-";"-";"-";"-";"+";"-";"-";"~";"~";"~";"~"
"63";"+";"+";"-";"-";"-";"-";"-";"+";"+";"-";"-";"-";"-";"+";"-";"+";"+";"+";"+";"+";"-";"-";"-";"-";"-";"collision";"+";"-";"+";"-";"-";"-";"+";"+";"+";"+";"+";"-";"-";"-";"-";"-";"-";"-";"+";"~";"~";"~";"~"
"64";"+";"-";"-";"-";"-";"-";"-";"+";"-";"-";"-";"-";"-";"+";"-";"+";"+";"+";"+";"-";"-";"-";"-";"-";"-";"colloque";"+";"-";"-";"-";"-";"-";"+";"+";"+";"+";"+";"-";"-";"-";"-";"-";"-";"-";"-";"~";"~";"~";"~"
"65";"+";"-";"-";"-";"-";"-";"-";"+";"-";"-";"-";"-";"+";"+";"-";"-";"+";"-";"+";"-";"-";"-";"-";"-";"-";"collusion";"-";"-";"-";"-";"-";"-";"+";"+";"+";"+";"+";"-";"-";"-";"-";"-";"-";"-";"-";"~";"~";"~";"~"
"66";"+";"-";"-";"-";"-";"-";"-";"+";"-";"-";"-";"-";"-";"+";"-";"+";"+";"+";"+";"-";"-";"-";"-";"-";"-";"combat";"+";"-";"+";"-";"-";"-";"+";"+";"-";"+";"+";"-";"-";"-";"-";"+";"+";"-";"-";"~";"~";"~";"~"
"67";"+";"-";"-";"-";"-";"-";"-";"+";"-";"-";"-";"-";"+";"+";"-";"-";"+";"-";"+";"-";"-";"-";"-";"-";"-";"commerce";"-";"-";"-";"-";"-";"-";"+";"+";"+";"-";"-";"-";"-";"-";"-";"-";"-";"-";"-";"~";"~";"~";"~"
"68";"+";"-";"-";"-";"-";"-";"-";"+";"-";"-";"-";"-";"+";"-";"-";"-";"+";"-";"-";"-";"-";"-";"-";"-";"-";"communiante";"-";"-";"-";"-";"-";"-";"+";"+";"-";"+";"+";"-";"-";"-";"-";"-";"-";"-";"-";"~";"~";"~";"~"
"69";"+";"+";"-";"-";"-";"-";"-";"+";"+";"-";"-";"-";"-";"+";"-";"-";"+";"-";"+";"-";"+";"-";"-";"-";"-";"communication";"-";"-";"-";"-";"-";"-";"+";"+";"-";"+";"+";"-";"-";"-";"-";"-";"+";"-";"-";"~";"~";"~";"~"
"70";"+";"-";"-";"-";"-";"-";"-";"+";"-";"-";"-";"-";"+";"-";"-";"-";"+";"-";"-";"-";"-";"-";"-";"-";"-";"communion";"-";"-";"-";"-";"-";"-";"+";"+";"-";"+";"+";"-";"-";"-";"-";"-";"+";"-";"-";"~";"~";"~";"~"
"71";"+";"-";"-";"-";"-";"-";"-";"+";"-";"-";"-";"-";"+";"+";"+";"-";"+";"-";"-";"-";"-";"+";"+";"-";"-";"complicité";"-";"-";"-";"-";"+";"-";"+";"+";"-";"+";"+";"-";"-";"+";"+";"-";"-";"-";"-";"~";"~";"~";"~"
"72";"+";"-";"-";"-";"-";"-";"-";"+";"-";"-";"-";"-";"+";"+";"+";"+";"+";"+";"+";"-";"-";"-";"-";"-";"-";"compromis";"+";"-";"-";"-";"-";"-";"+";"+";"+";"+";"+";"+";"+";"-";"-";"+";"+";"-";"-";"~";"~";"~";"~"
"73";"-";"+";"+";"+";"+";"+";"+";"-";"+";"+";"+";"+";"+";"-";"-";"+";"-";"-";"-";"-";"-";"+";"-";"-";"-";"comptabilité";"-";"+";"-";"+";"-";"-";"+";"+";"-";"-";"-";"-";"-";"+";"+";"-";"-";"-";"-";"~";"~";"~";"~"
"74";"+";"-";"-";"-";"-";"-";"-";"+";"-";"-";"-";"-";"-";"+";"-";"+";"+";"+";"+";"-";"-";"-";"-";"-";"-";"conciliabule";"+";"-";"-";"-";"-";"-";"+";"+";"-";"+";"+";"-";"-";"-";"-";"-";"-";"-";"-";"~";"~";"~";"~"
"75";"+";"-";"-";"-";"-";"-";"-";"+";"-";"-";"-";"-";"-";"+";"-";"+";"+";"-";"-";"-";"+";"-";"-";"-";"-";"conciliation";"+";"-";"-";"-";"-";"-";"+";"+";"-";"+";"+";"-";"-";"+";"+";"-";"-";"-";"-";"~";"~";"~";"~"
"76";"-";"+";"+";"+";"+";"+";"+";"-";"+";"+";"+";"+";"+";"-";"-";"-";"+";"-";"-";"-";"-";"-";"-";"-";"-";"concomitance";"-";"-";"-";"-";"-";"-";"+";"+";"-";"+";"+";"-";"-";"+";"+";"-";"-";"-";"-";"~";"~";"~";"~"
"77";"+";"+";"+";"+";"+";"+";"+";"+";"+";"+";"+";"+";"+";"-";"-";"-";"+";"-";"-";"-";"-";"-";"-";"-";"-";"concordance";"-";"-";"-";"-";"-";"-";"+";"+";"-";"+";"+";"-";"-";"+";"+";"-";"-";"+";"-";"~";"~";"~";"~"
"78";"+";"-";"-";"-";"-";"-";"-";"+";"-";"-";"-";"-";"+";"+";"-";"+";"+";"+";"+";"-";"-";"-";"-";"-";"-";"concours";"+";"-";"-";"-";"-";"-";"+";"+";"+";"+";"+";"-";"-";"-";"-";"-";"-";"+";"-";"~";"~";"~";"~"
"79";"+";"-";"-";"-";"-";"-";"-";"+";"-";"-";"-";"-";"+";"-";"-";"+";"-";"-";"-";"-";"-";"-";"-";"-";"-";"concubinage";"-";"-";"-";"-";"-";"-";"+";"+";"-";"+";"+";"-";"-";"+";"+";"-";"+";"-";"-";"~";"~";"~";"~"
"80";"+";"-";"-";"-";"-";"-";"-";"+";"-";"-";"-";"-";"+";"-";"+";"-";"+";"-";"-";"-";"-";"-";"-";"-";"-";"concurrence";"+";"-";"-";"-";"-";"-";"+";"+";"-";"+";"+";"-";"-";"+";"+";"-";"-";"-";"-";"~";"~";"~";"~"
"81";"+";"-";"-";"-";"-";"-";"-";"+";"-";"-";"-";"-";"-";"+";"+";"+";"+";"+";"+";"-";"-";"-";"-";"-";"-";"conférence";"+";"-";"-";"-";"-";"-";"+";"+";"-";"+";"+";"-";"-";"-";"-";"-";"-";"+";"-";"~";"~";"~";"~"
"82";"+";"-";"-";"-";"-";"-";"-";"+";"-";"-";"-";"-";"+";"+";"-";"+";"+";"+";"+";"-";"-";"-";"-";"-";"-";"conflit";"-";"-";"-";"-";"-";"-";"+";"+";"-";"+";"+";"-";"-";"-";"-";"-";"-";"-";"-";"~";"~";"~";"~"
"83";"-";"+";"+";"+";"+";"+";"+";"-";"+";"+";"+";"+";"+";"-";"-";"-";"+";"-";"-";"-";"-";"-";"-";"-";"-";"conformité";"-";"-";"-";"+";"-";"-";"+";"+";"-";"+";"+";"-";"-";"+";"+";"-";"-";"-";"-";"~";"~";"~";"~"
"84";"+";"-";"-";"-";"-";"-";"-";"+";"-";"-";"-";"-";"-";"+";"+";"+";"+";"+";"+";"-";"-";"-";"-";"-";"-";"confrontation";"+";"-";"-";"-";"-";"-";"+";"+";"-";"+";"+";"+";"+";"-";"-";"-";"-";"-";"-";"~";"~";"~";"~"
"85";"-";"+";"+";"+";"+";"+";"+";"-";"+";"+";"+";"+";"+";"-";"-";"+";"+";"+";"+";"-";"-";"-";"-";"-";"-";"connexion";"-";"-";"-";"-";"-";"-";"+";"+";"-";"+";"+";"-";"-";"+";"+";"-";"-";"-";"-";"~";"~";"~";"~"
"86";"-";"+";"+";"+";"+";"+";"+";"-";"+";"+";"+";"+";"+";"-";"-";"-";"+";"-";"-";"-";"-";"-";"+";"-";"-";"connexité";"-";"-";"-";"-";"-";"-";"+";"+";"-";"+";"+";"-";"-";"+";"+";"-";"-";"-";"+";"~";"~";"~";"~"
"87";"+";"-";"-";"-";"-";"-";"-";"+";"-";"-";"-";"-";"+";"+";"-";"-";"+";"-";"-";"-";"-";"-";"-";"-";"-";"connivence";"-";"-";"-";"-";"-";"-";"+";"+";"-";"+";"+";"-";"-";"-";"-";"-";"-";"-";"-";"~";"~";"~";"~"
"88";"+";"-";"-";"-";"-";"-";"-";"+";"-";"-";"-";"-";"+";"-";"-";"-";"+";"-";"-";"-";"-";"-";"-";"-";"-";"consanguinité";"-";"-";"-";"-";"-";"-";"+";"+";"-";"-";"-";"-";"-";"-";"-";"-";"-";"-";"-";"~";"~";"~";"~"
"89";"-";"+";"+";"+";"+";"+";"+";"-";"+";"+";"+";"+";"+";"-";"+";"+";"+";"+";"+";"-";"-";"-";"-";"-";"-";"consonance";"-";"-";"-";"-";"-";"-";"+";"+";"-";"+";"+";"-";"-";"-";"-";"-";"-";"-";"-";"~";"~";"~";"~"
"90";"+";"-";"-";"-";"-";"-";"-";"+";"-";"-";"-";"-";"+";"-";"-";"+";"+";"-";"-";"-";"-";"-";"-";"-";"-";"conspiration";"-";"-";"-";"-";"-";"-";"+";"+";"-";"+";"+";"+";"+";"+";"+";"-";"+";"+";"-";"~";"~";"~";"~"
"91";"+";"-";"-";"-";"-";"-";"-";"+";"-";"-";"-";"-";"-";"+";"-";"+";"+";"+";"+";"-";"-";"-";"-";"-";"-";"consultation";"+";"-";"-";"-";"-";"-";"+";"+";"-";"+";"+";"-";"-";"-";"-";"+";"+";"-";"-";"~";"~";"~";"~"
"92";"-";"+";"-";"-";"-";"-";"-";"-";"+";"-";"-";"-";"+";"+";"-";"-";"+";"+";"+";"-";"+";"-";"-";"-";"-";"contact";"+";"-";"-";"-";"-";"-";"+";"+";"+";"+";"+";"-";"-";"-";"-";"+";"+";"-";"-";"~";"~";"~";"~"
"93";"+";"-";"-";"-";"-";"-";"-";"+";"-";"-";"-";"-";"-";"+";"+";"-";"-";"+";"+";"-";"-";"-";"-";"-";"-";"contacts";"+";"-";"-";"-";"-";"-";"+";"+";"+";"-";"-";"-";"-";"-";"-";"+";"+";"-";"-";"~";"~";"~";"~"
"94";"-";"+";"+";"+";"+";"+";"+";"-";"+";"+";"+";"+";"+";"-";"-";"-";"+";"-";"-";"-";"-";"-";"+";"-";"-";"continuité";"+";"-";"-";"-";"-";"-";"+";"+";"-";"+";"+";"-";"-";"-";"-";"-";"-";"-";"-";"~";"~";"~";"~"
"95";"-";"+";"+";"+";"+";"+";"+";"-";"+";"+";"+";"+";"+";"+";"+";"-";"+";"-";"+";"-";"-";"-";"-";"-";"-";"contradiction";"-";"-";"-";"-";"-";"-";"+";"+";"+";"-";"-";"+";"+";"-";"-";"-";"-";"-";"-";"~";"~";"~";"~"
"96";"-";"+";"-";"-";"-";"-";"-";"-";"+";"-";"-";"-";"+";"+";"-";"+";"+";"+";"+";"-";"-";"-";"-";"-";"-";"controverse";"-";"-";"-";"-";"-";"-";"+";"+";"-";"+";"+";"-";"-";"-";"-";"-";"-";"-";"-";"~";"~";"~";"~"
"97";"-";"+";"-";"-";"-";"-";"-";"-";"-";"-";"-";"-";"+";"-";"+";"+";"+";"+";"+";"-";"-";"+";"-";"-";"-";"convention";"+";"-";"-";"-";"-";"-";"+";"+";"+";"-";"-";"-";"-";"-";"-";"-";"-";"-";"-";"~";"~";"~";"~"
"98";"-";"+";"+";"+";"+";"+";"+";"-";"+";"+";"+";"+";"+";"-";"-";"+";"+";"-";"-";"-";"-";"-";"+";"-";"-";"convergence";"-";"-";"-";"-";"-";"-";"+";"+";"-";"+";"+";"-";"-";"+";"+";"-";"-";"-";"-";"~";"~";"~";"~"
"99";"+";"-";"-";"-";"-";"-";"-";"+";"-";"-";"-";"-";"-";"+";"-";"+";"+";"+";"+";"-";"-";"-";"+";"-";"-";"conversation";"+";"-";"-";"-";"-";"-";"+";"+";"-";"+";"+";"-";"-";"-";"-";"-";"-";"-";"-";"~";"~";"~";"~"
"100";"+";"-";"-";"-";"-";"-";"-";"+";"-";"-";"-";"-";"+";"+";"+";"-";"+";"-";"-";"-";"-";"-";"-";"-";"-";"coopération";"-";"-";"-";"-";"+";"-";"+";"+";"-";"-";"-";"-";"-";"-";"-";"-";"-";"-";"-";"~";"~";"~";"~"
"101";"-";"+";"-";"-";"-";"-";"-";"-";"+";"-";"-";"-";"+";"+";"+";"-";"+";"-";"-";"-";"-";"-";"-";"-";"-";"coordination";"-";"-";"-";"-";"-";"-";"+";"+";"-";"+";"+";"-";"-";"-";"-";"-";"-";"-";"-";"~";"~";"~";"~"
"102";"-";"+";"-";"-";"-";"-";"-";"-";"+";"-";"-";"-";"+";"+";"-";"+";"+";"+";"+";"-";"+";"-";"-";"-";"-";"copropriété";"+";"-";"-";"-";"-";"-";"-";"+";"-";"+";"+";"-";"-";"+";"+";"-";"-";"-";"-";"~";"~";"~";"~"
"103";"-";"+";"-";"-";"-";"-";"-";"-";"+";"-";"-";"-";"-";"+";"-";"-";"+";"-";"+";"-";"-";"-";"-";"-";"-";"copulation";"+";"-";"-";"-";"-";"-";"+";"+";"-";"+";"+";"-";"-";"-";"-";"-";"-";"-";"-";"~";"~";"~";"~"
"104";"+";"-";"-";"-";"-";"-";"-";"-";"-";"-";"-";"-";"-";"+";"-";"+";"+";"+";"+";"-";"-";"-";"-";"-";"-";"corps à corps";"+";"-";"+";"-";"-";"-";"+";"+";"-";"-";"-";"-";"-";"-";"-";"-";"-";"-";"-";"~";"~";"~";"~"
"105";"-";"+";"+";"+";"+";"+";"+";"-";"+";"+";"+";"+";"+";"-";"-";"+";"+";"+";"+";"-";"-";"-";"-";"-";"-";"corrélation";"-";"-";"-";"-";"-";"-";"-";"-";"-";"+";"+";"+";"+";"-";"-";"-";"-";"-";"-";"~";"~";"~";"~"
"106";"-";"+";"+";"+";"+";"+";"+";"-";"+";"+";"+";"+";"+";"-";"+";"+";"+";"+";"+";"-";"-";"-";"-";"-";"-";"correspondance";"-";"-";"-";"+";"-";"-";"+";"+";"-";"+";"+";"-";"-";"+";"+";"-";"+";"-";"-";"~";"~";"~";"~"
"107";"+";"-";"-";"-";"-";"-";"-";"+";"-";"-";"-";"-";"+";"+";"-";"-";"+";"-";"-";"-";"-";"-";"-";"-";"-";"correspondance";"+";"-";"-";"-";"-";"-";"+";"-";"-";"-";"-";"+";"+";"-";"-";"-";"-";"+";"-";"~";"~";"~";"~"
"108";"+";"-";"-";"-";"-";"-";"-";"+";"-";"-";"-";"-";"-";"+";"-";"+";"+";"+";"+";"-";"-";"-";"-";"-";"-";"coucherie";"+";"-";"-";"-";"-";"-";"+";"-";"-";"-";"-";"-";"-";"-";"-";"-";"+";"-";"-";"~";"~";"~";"~"
"109";"+";"-";"-";"-";"-";"-";"-";"+";"-";"-";"-";"-";"+";"-";"-";"-";"+";"+";"+";"+";"-";"-";"-";"-";"-";"cousinage";"-";"-";"-";"-";"-";"-";"+";"+";"-";"+";"+";"-";"-";"+";"+";"-";"-";"-";"-";"~";"~";"~";"~"
"110";"+";"-";"-";"-";"-";"-";"-";"+";"-";"-";"-";"-";"-";"+";"-";"+";"+";"+";"+";"-";"-";"-";"-";"-";"-";"débat";"+";"-";"-";"-";"-";"-";"+";"+";"+";"+";"+";"-";"-";"-";"-";"-";"+";"-";"-";"~";"~";"~";"~"
"111";"-";"+";"+";"+";"+";"+";"+";"-";"+";"+";"+";"+";"+";"-";"-";"+";"+";"-";"-";"-";"-";"+";"-";"-";"-";"décalage";"-";"-";"-";"-";"-";"+";"-";"-";"+";"-";"-";"-";"-";"+";"+";"+";"+";"-";"-";"~";"~";"~";"~"
"112";"-";"+";"-";"-";"-";"-";"-";"-";"+";"-";"-";"-";"-";"+";"-";"+";"+";"-";"-";"-";"-";"-";"-";"-";"-";"décrochage";"-";"-";"-";"-";"-";"+";"+";"+";"-";"-";"-";"+";"+";"-";"-";"-";"-";"+";"-";"~";"~";"~";"~"
"113";"+";"-";"-";"-";"-";"-";"-";"+";"-";"-";"-";"-";"-";"+";"-";"-";"-";"+";"+";"-";"-";"-";"-";"-";"-";"délibération";"+";"-";"-";"-";"-";"-";"+";"+";"-";"+";"+";"-";"-";"-";"-";"-";"+";"-";"-";"~";"~";"~";"~"
"114";"+";"-";"-";"-";"-";"-";"-";"+";"-";"-";"-";"-";"-";"+";"-";"-";"-";"+";"+";"-";"-";"-";"-";"-";"-";"démêlés";"-";"-";"-";"-";"-";"-";"+";"-";"-";"-";"-";"-";"-";"-";"-";"-";"-";"-";"-";"~";"~";"~";"~"
"115";"-";"+";"-";"-";"-";"-";"-";"-";"+";"-";"-";"-";"-";"+";"-";"-";"+";"-";"+";"+";"-";"-";"-";"-";"-";"départage";"+";"-";"-";"-";"-";"-";"+";"+";"+";"-";"-";"+";"+";"-";"-";"-";"-";"-";"-";"~";"~";"~";"~"
"116";"+";"-";"-";"-";"-";"-";"-";"+";"-";"-";"-";"-";"+";"+";"-";"+";"+";"+";"+";"-";"-";"-";"-";"-";"-";"désaccord";"-";"-";"-";"-";"-";"-";"+";"+";"-";"+";"+";"-";"-";"-";"-";"-";"-";"-";"-";"~";"~";"~";"~"
"117";"-";"+";"-";"-";"-";"-";"-";"-";"+";"-";"-";"-";"-";"+";"-";"-";"+";"+";"+";"+";"+";"-";"-";"-";"-";"désaffiliation";"-";"-";"-";"+";"+";"+";"+";"+";"-";"+";"+";"+";"+";"-";"-";"-";"-";"+";"-";"~";"~";"~";"~"
"118";"-";"+";"+";"+";"+";"+";"+";"-";"+";"+";"+";"+";"+";"+";"-";"+";"+";"+";"+";"+";"-";"-";"-";"-";"-";"désassociation";"-";"-";"-";"-";"+";"+";"+";"+";"-";"-";"-";"+";"+";"-";"-";"-";"-";"+";"-";"~";"~";"~";"~"
"119";"+";"-";"-";"-";"-";"-";"-";"+";"-";"-";"-";"-";"+";"+";"+";"+";"+";"+";"+";"+";"-";"-";"-";"-";"-";"désengagement";"-";"+";"-";"-";"-";"+";"+";"+";"-";"+";"+";"+";"+";"-";"-";"-";"-";"+";"-";"~";"~";"~";"~"
"120";"+";"-";"-";"-";"-";"-";"-";"+";"-";"-";"-";"-";"-";"+";"-";"-";"+";"-";"+";"-";"-";"-";"-";"-";"-";"dialogue";"-";"-";"-";"-";"-";"-";"+";"+";"-";"+";"+";"-";"-";"-";"-";"-";"+";"-";"-";"~";"~";"~";"~"
"121";"-";"+";"+";"+";"+";"+";"+";"-";"+";"+";"+";"+";"+";"-";"-";"+";"+";"+";"+";"+";"-";"-";"-";"-";"-";"dichotomie";"-";"-";"-";"-";"-";"-";"+";"+";"-";"+";"+";"-";"-";"-";"-";"-";"-";"-";"-";"~";"~";"~";"~"
"122";"+";"+";"-";"-";"-";"-";"-";"+";"+";"-";"-";"-";"+";"-";"-";"+";"+";"+";"+";"-";"-";"-";"-";"-";"-";"différence";"-";"-";"-";"-";"-";"-";"+";"-";"-";"-";"-";"-";"-";"+";"+";"-";"-";"+";"-";"~";"~";"~";"~"
"123";"+";"-";"-";"-";"-";"-";"-";"+";"-";"-";"-";"-";"+";"+";"+";"+";"+";"+";"+";"-";"-";"-";"-";"-";"-";"différend";"-";"-";"-";"-";"-";"-";"+";"-";"-";"-";"-";"-";"-";"-";"-";"-";"-";"-";"-";"~";"~";"~";"~"
"124";"-";"+";"+";"+";"+";"+";"+";"-";"+";"+";"+";"+";"+";"-";"+";"-";"+";"-";"+";"-";"-";"-";"-";"-";"-";"discordance";"-";"-";"-";"-";"-";"-";"+";"+";"-";"+";"+";"-";"-";"+";"+";"-";"-";"-";"-";"~";"~";"~";"~"
"125";"+";"-";"-";"-";"-";"-";"-";"+";"-";"-";"-";"-";"-";"+";"+";"+";"+";"+";"+";"-";"-";"-";"-";"-";"-";"discussion";"+";"-";"-";"-";"-";"-";"+";"+";"+";"+";"+";"-";"-";"-";"-";"-";"+";"-";"-";"~";"~";"~";"~"
"126";"-";"+";"-";"-";"-";"-";"-";"-";"+";"-";"-";"-";"+";"-";"+";"+";"+";"-";"+";"+";"-";"-";"-";"-";"-";"disjonction";"-";"-";"-";"-";"-";"+";"+";"+";"-";"+";"+";"+";"+";"-";"-";"-";"-";"-";"-";"~";"~";"~";"~"
"127";"+";"-";"-";"-";"-";"-";"-";"+";"-";"-";"-";"-";"-";"+";"-";"+";"+";"+";"+";"-";"-";"-";"-";"-";"-";"dispute";"+";"-";"-";"-";"-";"-";"+";"+";"-";"+";"+";"-";"-";"-";"-";"+";"-";"-";"-";"~";"~";"~";"~"
"128";"+";"+";"+";"+";"+";"+";"+";"+";"+";"+";"+";"+";"+";"-";"+";"-";"+";"-";"+";"-";"-";"-";"-";"-";"-";"dissemblance";"-";"-";"-";"-";"-";"-";"+";"+";"-";"-";"-";"-";"-";"-";"-";"-";"-";"-";"-";"~";"~";"~";"~"
"129";"-";"+";"-";"-";"-";"-";"-";"-";"+";"-";"-";"-";"+";"-";"-";"-";"+";"-";"+";"-";"-";"-";"+";"-";"-";"dissonance";"-";"-";"-";"-";"-";"-";"+";"+";"-";"+";"+";"-";"-";"-";"-";"-";"-";"-";"-";"~";"~";"~";"~"
"130";"-";"+";"-";"-";"-";"-";"-";"-";"+";"-";"-";"-";"+";"-";"-";"-";"+";"-";"-";"-";"-";"-";"+";"-";"-";"dissymétrie";"+";"-";"-";"-";"-";"-";"+";"+";"-";"+";"+";"-";"-";"-";"-";"-";"-";"-";"-";"~";"~";"~";"~"
"131";"+";"+";"-";"-";"-";"-";"-";"+";"+";"-";"-";"-";"+";"-";"-";"-";"+";"-";"+";"+";"-";"-";"-";"-";"-";"distance";"-";"-";"-";"-";"+";"-";"+";"-";"-";"-";"-";"-";"-";"-";"-";"-";"-";"-";"-";"~";"~";"~";"~"
"132";"+";"-";"-";"-";"-";"-";"-";"+";"-";"-";"-";"-";"+";"+";"+";"+";"+";"-";"-";"-";"-";"-";"-";"-";"-";"distanciation";"-";"-";"-";"-";"+";"+";"+";"+";"-";"+";"+";"+";"+";"-";"-";"-";"-";"-";"-";"~";"~";"~";"~"
"133";"+";"+";"-";"-";"-";"-";"-";"+";"+";"-";"-";"-";"+";"-";"-";"+";"+";"+";"+";"-";"-";"-";"-";"-";"-";"divergence";"-";"-";"-";"-";"-";"+";"+";"+";"-";"+";"+";"-";"-";"+";"+";"-";"-";"-";"-";"~";"~";"~";"~"
"134";"+";"-";"-";"-";"-";"-";"-";"+";"-";"-";"-";"-";"+";"+";"-";"-";"+";"-";"+";"-";"-";"-";"-";"-";"-";"division";"-";"-";"-";"-";"-";"-";"+";"+";"-";"+";"+";"-";"-";"-";"-";"-";"-";"-";"-";"~";"~";"~";"~"
"135";"+";"-";"-";"-";"-";"-";"-";"+";"-";"-";"-";"-";"-";"+";"+";"-";"+";"-";"+";"+";"+";"-";"-";"-";"-";"divorce";"+";"-";"-";"-";"+";"+";"+";"+";"-";"+";"+";"+";"+";"-";"-";"-";"-";"-";"+";"~";"~";"~";"~"
"136";"+";"-";"-";"-";"-";"-";"-";"+";"-";"-";"-";"-";"-";"+";"-";"+";"+";"+";"+";"-";"-";"-";"-";"-";"-";"duel";"+";"-";"+";"-";"-";"-";"+";"+";"+";"+";"+";"-";"-";"-";"-";"-";"-";"-";"-";"~";"~";"~";"~"
"137";"+";"+";"-";"-";"-";"-";"-";"+";"+";"-";"-";"-";"+";"-";"-";"-";"+";"-";"+";"-";"-";"-";"-";"-";"-";"écart";"-";"-";"-";"-";"-";"-";"+";"+";"-";"-";"-";"-";"-";"-";"-";"+";"-";"-";"-";"~";"~";"~";"~"
"138";"+";"-";"-";"-";"-";"-";"-";"+";"-";"-";"-";"-";"+";"+";"+";"+";"+";"+";"+";"-";"-";"-";"-";"-";"-";"échange";"-";"-";"-";"-";"-";"-";"+";"+";"+";"-";"-";"-";"-";"-";"-";"-";"+";"-";"-";"~";"~";"~";"~"
"139";"+";"-";"-";"-";"-";"-";"-";"+";"-";"-";"-";"-";"-";"+";"-";"+";"+";"+";"+";"-";"-";"-";"-";"-";"-";"échauffourée";"-";"-";"-";"-";"-";"-";"+";"+";"-";"+";"+";"-";"-";"-";"-";"-";"-";"-";"-";"~";"~";"~";"~"
"140";"+";"-";"-";"-";"-";"-";"-";"+";"-";"-";"-";"-";"-";"+";"-";"+";"-";"+";"+";"-";"-";"-";"-";"-";"-";"éclaircissement";"+";"-";"-";"-";"+";"-";"+";"-";"-";"-";"-";"-";"-";"-";"-";"+";"-";"-";"-";"~";"~";"~";"~"
"141";"+";"-";"-";"-";"-";"-";"-";"+";"-";"-";"-";"-";"-";"+";"+";"+";"+";"+";"+";"-";"-";"-";"-";"-";"-";"éclat";"+";"-";"+";"-";"-";"-";"+";"+";"-";"-";"-";"-";"-";"-";"-";"-";"+";"-";"-";"~";"~";"~";"~"
"142";"+";"-";"-";"-";"-";"-";"-";"+";"-";"-";"-";"-";"+";"-";"+";"-";"+";"-";"-";"-";"+";"-";"-";"-";"-";"égalité";"-";"-";"-";"-";"-";"-";"+";"+";"-";"-";"-";"-";"-";"+";"+";"-";"-";"+";"-";"~";"~";"~";"~"
"143";"-";"+";"+";"+";"+";"+";"+";"-";"+";"+";"+";"+";"+";"-";"+";"-";"+";"-";"-";"-";"-";"-";"-";"-";"-";"éloignement";"-";"-";"-";"-";"+";"+";"+";"+";"-";"+";"+";"+";"+";"-";"-";"-";"-";"+";"-";"~";"~";"~";"~"
"144";"+";"-";"-";"-";"-";"-";"-";"+";"-";"-";"-";"-";"-";"+";"-";"-";"-";"+";"+";"-";"-";"-";"-";"-";"-";"embrassades";"-";"-";"-";"-";"-";"-";"+";"+";"-";"-";"-";"-";"-";"-";"-";"+";"-";"-";"+";"~";"~";"~";"~"
"145";"+";"-";"-";"-";"-";"-";"-";"+";"-";"-";"-";"-";"+";"+";"-";"+";"+";"+";"+";"-";"-";"-";"-";"-";"-";"embrouille";"+";"-";"-";"-";"-";"-";"+";"+";"-";"-";"-";"+";"+";"-";"-";"-";"-";"-";"+";"~";"~";"~";"~"
"146";"-";"+";"+";"+";"+";"+";"+";"-";"+";"+";"+";"+";"+";"-";"-";"-";"+";"-";"+";"-";"-";"-";"-";"-";"-";"enchaînement";"-";"-";"-";"-";"-";"-";"+";"+";"-";"+";"+";"+";"+";"-";"-";"-";"-";"+";"-";"~";"~";"~";"~"
"147";"+";"-";"-";"-";"-";"-";"-";"+";"-";"-";"-";"-";"-";"+";"-";"+";"+";"+";"+";"-";"-";"-";"-";"-";"-";"enfant";"+";"-";"-";"-";"+";"-";"-";"-";"-";"-";"-";"-";"-";"-";"-";"-";"-";"-";"-";"~";"~";"~";"~"
"148";"+";"-";"-";"-";"-";"-";"-";"+";"-";"-";"-";"-";"+";"+";"+";"+";"+";"+";"+";"-";"-";"+";"-";"-";"-";"engagement";"+";"-";"-";"-";"-";"-";"+";"+";"-";"-";"-";"+";"+";"-";"-";"-";"-";"-";"+";"~";"~";"~";"~"
"149";"+";"-";"-";"-";"-";"-";"-";"+";"-";"-";"-";"-";"-";"+";"+";"+";"+";"+";"+";"-";"-";"-";"-";"-";"-";"engueulade";"+";"-";"-";"-";"-";"-";"+";"+";"-";"+";"+";"-";"-";"-";"-";"+";"-";"-";"+";"Max a une engueulade avec Léa";"~";"~";"~"
"150";"+";"-";"-";"-";"-";"-";"-";"+";"-";"-";"-";"-";"-";"+";"-";"-";"-";"+";"+";"-";"-";"-";"-";"-";"-";"enlacement";"-";"-";"-";"-";"-";"-";"+";"+";"-";"-";"-";"+";"+";"-";"-";"+";"-";"-";"+";"Max a un enlacement avec Ida";"~";"~";"~"
"151";"+";"-";"-";"-";"-";"-";"-";"+";"-";"-";"-";"-";"+";"+";"+";"+";"+";"+";"+";"-";"-";"-";"-";"-";"-";"entente";"-";"-";"-";"-";"-";"-";"+";"+";"+";"-";"-";"-";"-";"-";"-";"-";"-";"-";"+";"~";"~";"~";"~"
"152";"+";"-";"-";"-";"-";"-";"-";"+";"-";"-";"-";"-";"-";"+";"-";"+";"+";"+";"+";"-";"-";"-";"-";"-";"-";"entretien";"+";"-";"-";"-";"-";"-";"+";"+";"-";"+";"+";"-";"-";"-";"-";"+";"-";"-";"-";"Léa a un entretien avec Luc sur ce sujet";"~";"~";"~"
"153";"+";"-";"-";"-";"-";"-";"-";"+";"-";"-";"-";"-";"-";"+";"-";"+";"+";"+";"+";"-";"-";"-";"-";"-";"-";"entrevue";"+";"-";"-";"-";"-";"-";"+";"+";"+";"+";"+";"-";"-";"-";"-";"-";"-";"-";"-";"Max a une entrevue avec Léa";"~";"~";"~"
"154";"-";"+";"+";"+";"+";"+";"+";"-";"+";"+";"+";"+";"+";"-";"-";"+";"+";"-";"-";"-";"-";"+";"-";"-";"-";"équivalence";"-";"-";"-";"-";"-";"-";"+";"+";"-";"-";"-";"+";"+";"-";"-";"+";"+";"+";"+";"Cette solution a une certaine équivalence avec cette autre";"Ces deux solutions ont une équivalence";"~";"~"
"155";"+";"-";"-";"-";"-";"-";"-";"+";"-";"-";"-";"-";"-";"+";"-";"+";"+";"+";"+";"-";"-";"-";"-";"-";"-";"escarmouche";"-";"-";"-";"-";"-";"-";"+";"+";"-";"-";"-";"-";"-";"-";"-";"-";"-";"-";"-";"Max a eu une escarmouche avec Jean";"~";"~";"~"
"156";"+";"-";"-";"-";"-";"-";"-";"+";"-";"-";"-";"-";"-";"+";"-";"+";"+";"+";"+";"-";"-";"+";"-";"-";"-";"explication";"+";"-";"-";"-";"+";"-";"+";"+";"-";"-";"-";"-";"-";"-";"-";"-";"-";"-";"+";"Max a eu une explication avec Jean";"~";"~";"~"
"157";"-";"+";"+";"+";"+";"+";"+";"-";"+";"+";"+";"+";"+";"-";"-";"+";"+";"-";"-";"-";"-";"-";"-";"-";"-";"filiation";"-";"-";"-";"-";"-";"-";"+";"+";"-";"+";"+";"-";"-";"-";"-";"-";"-";"-";"-";"Max a une filiation avec Luc";"~";"~";"~"
"158";"+";"-";"-";"-";"-";"-";"-";"+";"-";"-";"-";"-";"+";"+";"-";"-";"+";"-";"-";"-";"-";"-";"-";"-";"-";"fraternisation";"-";"-";"-";"-";"-";"-";"+";"+";"-";"+";"+";"-";"-";"+";"+";"-";"+";"-";"-";"~";"~";"~";"~"
"159";"+";"-";"-";"-";"-";"-";"-";"+";"-";"-";"-";"-";"+";"+";"-";"+";"-";"-";"-";"-";"-";"-";"-";"+";"-";"fraternité";"-";"-";"-";"-";"-";"-";"+";"+";"-";"+";"+";"-";"-";"+";"+";"-";"+";"-";"-";"~";"~";"~";"~"
"160";"+";"-";"-";"-";"-";"-";"-";"+";"-";"-";"-";"-";"+";"+";"-";"-";"-";"-";"+";"-";"-";"-";"-";"-";"-";"fréquentation";"+";"-";"-";"-";"-";"-";"+";"+";"-";"+";"+";"-";"-";"-";"-";"+";"-";"-";"+";"~";"~";"~";"~"
"161";"+";"-";"-";"-";"-";"-";"-";"+";"-";"-";"-";"-";"-";"+";"-";"+";"+";"+";"+";"-";"-";"-";"-";"-";"-";"friction";"-";"-";"-";"-";"-";"-";"+";"+";"+";"+";"+";"-";"-";"-";"-";"-";"-";"-";"-";"~";"~";"~";"~"
"162";"+";"-";"-";"-";"-";"-";"-";"+";"-";"-";"-";"-";"+";"-";"-";"+";"+";"+";"+";"-";"-";"-";"-";"-";"-";"froid";"-";"+";"-";"-";"-";"-";"+";"-";"-";"-";"-";"-";"-";"-";"-";"-";"-";"-";"-";"~";"~";"~";"~"
"163";"+";"-";"-";"-";"-";"-";"-";"+";"-";"-";"-";"-";"+";"+";"+";"+";"+";"+";"+";"-";"-";"-";"-";"-";"-";"froissement";"-";"-";"-";"-";"-";"-";"+";"+";"-";"+";"+";"+";"+";"-";"-";"+";"-";"-";"+";"~";"~";"~";"~"
"164";"+";"-";"-";"-";"-";"-";"-";"+";"-";"-";"-";"-";"-";"+";"+";"+";"+";"+";"+";"-";"-";"-";"-";"-";"-";"frottement";"-";"-";"-";"-";"-";"-";"+";"+";"-";"-";"-";"-";"-";"-";"-";"-";"-";"-";"+";"~";"~";"~";"~"
"165";"-";"+";"-";"-";"-";"-";"-";"-";"+";"-";"-";"-";"+";"+";"-";"-";"+";"-";"-";"-";"+";"-";"-";"-";"-";"fusion";"-";"-";"-";"-";"-";"-";"+";"+";"+";"+";"+";"+";"+";"-";"-";"-";"-";"+";"-";"~";"~";"~";"~"
"166";"+";"-";"-";"-";"-";"-";"-";"+";"-";"-";"-";"-";"+";"+";"-";"+";"+";"+";"+";"-";"-";"-";"-";"-";"-";"grief";"+";"-";"+";"-";"-";"-";"+";"+";"-";"+";"+";"-";"-";"-";"-";"-";"-";"-";"-";"~";"~";"~";"~"
"167";"+";"-";"-";"-";"-";"-";"-";"+";"-";"-";"-";"-";"+";"+";"-";"+";"+";"+";"+";"-";"-";"-";"-";"-";"-";"guerre";"-";"-";"+";"-";"-";"-";"+";"+";"+";"+";"+";"-";"-";"-";"-";"-";"+";"-";"-";"~";"~";"~";"~"
"168";"+";"+";"-";"-";"-";"-";"-";"+";"+";"-";"-";"-";"+";"-";"-";"-";"+";"-";"-";"-";"-";"-";"-";"-";"-";"harmonie";"-";"-";"-";"-";"-";"-";"+";"+";"-";"+";"+";"+";"+";"-";"-";"-";"-";"+";"-";"~";"~";"~";"~"
"169";"-";"+";"-";"-";"-";"-";"-";"-";"+";"-";"-";"-";"+";"+";"-";"-";"+";"-";"-";"-";"-";"-";"-";"-";"-";"harmonisation";"-";"-";"-";"-";"-";"-";"+";"+";"-";"+";"+";"+";"+";"-";"-";"-";"-";"+";"-";"~";"~";"~";"~"
"170";"+";"-";"-";"-";"-";"-";"-";"+";"-";"-";"-";"-";"-";"+";"+";"-";"-";"+";"+";"-";"-";"-";"-";"-";"-";"heurt";"-";"-";"-";"-";"-";"-";"+";"-";"-";"+";"+";"-";"-";"-";"-";"-";"-";"+";"-";"~";"~";"~";"~"
"171";"+";"-";"-";"-";"-";"-";"-";"+";"-";"-";"-";"-";"+";"+";"-";"-";"+";"+";"+";"-";"-";"-";"-";"-";"-";"histoire";"+";"-";"-";"-";"-";"-";"+";"-";"+";"-";"-";"-";"-";"-";"-";"-";"-";"-";"-";"~";"~";"~";"~"
"172";"-";"+";"-";"-";"-";"-";"-";"-";"+";"-";"-";"-";"+";"-";"-";"-";"+";"-";"-";"-";"-";"-";"-";"-";"-";"identité";"-";"-";"-";"-";"-";"-";"+";"+";"-";"-";"-";"-";"-";"+";"+";"-";"-";"+";"-";"~";"~";"~";"~"
"173";"+";"-";"-";"-";"-";"-";"-";"+";"-";"-";"-";"-";"-";"+";"-";"+";"+";"+";"+";"+";"-";"-";"-";"-";"-";"idylle";"-";"-";"-";"-";"-";"-";"+";"-";"-";"-";"-";"-";"-";"-";"-";"-";"-";"-";"-";"~";"~";"~";"~"
"174";"-";"+";"-";"-";"-";"-";"-";"-";"+";"-";"-";"-";"+";"-";"+";"-";"+";"-";"-";"-";"-";"-";"-";"-";"-";"inadéquation";"-";"-";"-";"-";"-";"-";"+";"+";"-";"+";"+";"-";"-";"-";"-";"-";"-";"-";"-";"~";"~";"~";"~"
"175";"-";"+";"+";"+";"+";"+";"+";"-";"+";"+";"+";"+";"+";"-";"+";"-";"+";"+";"+";"-";"-";"-";"+";"-";"-";"incompatibilité";"-";"-";"-";"+";"-";"-";"+";"+";"-";"+";"+";"-";"-";"+";"+";"-";"-";"-";"-";"~";"~";"~";"~"
"176";"+";"+";"-";"-";"-";"-";"-";"+";"+";"-";"-";"-";"+";"-";"+";"-";"+";"-";"-";"-";"-";"-";"+";"-";"-";"inconséquence";"+";"-";"-";"-";"-";"-";"+";"+";"-";"-";"-";"-";"-";"+";"+";"-";"-";"-";"-";"~";"~";"~";"~"
"177";"-";"+";"-";"-";"-";"-";"-";"-";"+";"-";"-";"-";"+";"-";"-";"-";"+";"-";"-";"-";"-";"-";"-";"-";"-";"incorporation";"-";"-";"-";"-";"-";"-";"+";"+";"-";"+";"+";"+";"+";"-";"-";"-";"-";"+";"-";"~";"~";"~";"~"
"178";"-";"+";"-";"-";"-";"-";"-";"-";"+";"-";"-";"-";"+";"-";"+";"-";"+";"+";"+";"-";"-";"-";"-";"-";"-";"inégalité";"-";"-";"-";"-";"-";"-";"+";"+";"-";"-";"-";"-";"-";"+";"+";"-";"-";"-";"-";"~";"~";"~";"~"
"179";"-";"+";"+";"+";"+";"+";"+";"-";"+";"+";"+";"+";"+";"+";"-";"+";"+";"+";"+";"-";"-";"-";"+";"-";"-";"interaction";"-";"-";"-";"-";"-";"-";"+";"+";"-";"+";"+";"-";"-";"-";"-";"-";"+";"-";"-";"~";"~";"~";"~"
"180";"-";"+";"+";"+";"+";"+";"+";"-";"+";"+";"+";"+";"+";"-";"-";"+";"+";"-";"+";"+";"-";"-";"-";"-";"-";"interdépendance";"-";"-";"-";"-";"-";"-";"+";"+";"-";"+";"+";"-";"-";"+";"+";"-";"-";"-";"-";"~";"~";"~";"~"
"181";"-";"+";"+";"+";"+";"+";"+";"-";"+";"+";"+";"+";"+";"-";"-";"+";"+";"+";"+";"-";"-";"-";"+";"-";"-";"interférence";"-";"-";"-";"-";"-";"-";"+";"+";"+";"+";"+";"-";"-";"-";"-";"-";"+";"-";"-";"~";"~";"~";"~"
"182";"-";"+";"-";"-";"-";"-";"-";"-";"+";"-";"-";"-";"+";"-";"-";"+";"+";"+";"+";"-";"-";"-";"-";"-";"-";"intersection";"+";"-";"-";"-";"-";"-";"+";"+";"+";"-";"-";"-";"-";"-";"-";"-";"-";"-";"-";"~";"~";"~";"~"
"183";"+";"-";"-";"-";"-";"-";"-";"+";"-";"-";"-";"-";"+";"-";"-";"-";"+";"-";"-";"-";"-";"-";"+";"-";"-";"intimité";"+";"-";"-";"-";"-";"-";"+";"+";"-";"-";"-";"-";"-";"+";"+";"-";"-";"-";"-";"~";"~";"~";"~"
"184";"-";"+";"+";"+";"+";"+";"+";"-";"+";"+";"+";"+";"+";"-";"-";"-";"+";"+";"+";"-";"-";"-";"-";"-";"-";"intrication";"-";"-";"-";"-";"-";"-";"+";"+";"-";"+";"+";"+";"+";"-";"-";"-";"-";"+";"-";"~";"~";"~";"~"
"185";"+";"-";"-";"-";"-";"-";"-";"+";"-";"-";"-";"-";"+";"+";"-";"+";"+";"+";"+";"-";"-";"-";"-";"-";"-";"intrigue";"+";"-";"-";"-";"-";"-";"+";"+";"-";"-";"-";"-";"-";"-";"-";"-";"-";"-";"-";"~";"~";"~";"~"
"186";"+";"-";"-";"-";"-";"-";"-";"+";"-";"-";"-";"-";"-";"+";"-";"+";"+";"+";"+";"-";"-";"-";"-";"-";"-";"jasette";"+";"-";"-";"-";"-";"-";"+";"+";"-";"+";"+";"+";"+";"-";"-";"-";"+";"-";"-";"~";"~";"~";"~"
"187";"-";"+";"-";"-";"-";"-";"-";"-";"+";"-";"-";"-";"+";"-";"+";"+";"+";"+";"+";"-";"-";"-";"-";"-";"-";"joint";"+";"-";"-";"-";"-";"-";"+";"-";"-";"-";"-";"+";"+";"-";"-";"-";"-";"+";"-";"~";"~";"~";"~"
"188";"-";"+";"-";"-";"-";"-";"-";"-";"+";"-";"-";"-";"+";"-";"-";"+";"+";"+";"+";"-";"-";"-";"-";"-";"-";"jonction";"+";"-";"-";"-";"-";"-";"+";"+";"-";"+";"+";"-";"-";"-";"-";"-";"-";"-";"-";"~";"~";"~";"~"
"189";"-";"+";"-";"-";"-";"-";"-";"-";"+";"-";"-";"-";"+";"-";"-";"+";"+";"+";"+";"-";"-";"-";"-";"-";"-";"joncture";"+";"-";"-";"-";"-";"-";"+";"+";"-";"-";"-";"-";"-";"-";"-";"-";"-";"-";"-";"~";"~";"~";"~"
"190";"+";"-";"-";"-";"-";"-";"-";"+";"-";"-";"-";"-";"-";"+";"-";"+";"+";"+";"+";"-";"-";"-";"-";"-";"-";"joute";"+";"-";"+";"-";"-";"-";"+";"-";"+";"-";"-";"-";"-";"-";"-";"-";"+";"-";"-";"~";"~";"~";"~"
"191";"+";"-";"-";"-";"-";"-";"-";"+";"-";"-";"-";"-";"+";"+";"+";"+";"+";"+";"+";"+";"-";"-";"-";"-";"-";"liaison";"+";"-";"-";"-";"-";"-";"+";"+";"-";"+";"+";"+";"+";"-";"-";"-";"-";"-";"+";"~";"~";"~";"~"
"192";"-";"+";"+";"+";"+";"+";"+";"-";"+";"+";"+";"+";"+";"-";"-";"+";"+";"+";"+";"-";"-";"-";"-";"-";"-";"lien";"-";"-";"-";"-";"-";"-";"+";"-";"-";"-";"-";"+";"+";"-";"-";"-";"-";"+";"-";"~";"~";"~";"~"
"193";"+";"-";"-";"-";"-";"-";"-";"+";"-";"-";"-";"-";"+";"-";"-";"-";"+";"-";"+";"-";"-";"-";"-";"-";"-";"lien";"-";"-";"-";"-";"-";"-";"+";"-";"-";"-";"-";"+";"+";"-";"-";"-";"+";"-";"-";"~";"~";"~";"~"
"194";"+";"-";"-";"-";"-";"-";"-";"+";"-";"-";"-";"-";"-";"+";"-";"+";"+";"+";"+";"-";"-";"-";"-";"-";"-";"litige";"+";"-";"+";"-";"-";"-";"+";"+";"-";"+";"+";"-";"-";"-";"-";"-";"-";"-";"-";"~";"~";"~";"~"
"195";"+";"-";"-";"-";"-";"-";"-";"+";"-";"-";"-";"-";"-";"+";"-";"+";"+";"+";"+";"-";"-";"-";"-";"-";"-";"lutte";"+";"-";"+";"-";"-";"-";"+";"+";"+";"+";"+";"-";"-";"-";"-";"-";"+";"-";"-";"~";"~";"~";"~"
"196";"-";"+";"-";"-";"-";"-";"-";"-";"+";"-";"-";"-";"+";"-";"-";"-";"+";"-";"-";"-";"-";"-";"+";"+";"-";"magnétisme";"+";"+";"-";"-";"-";"-";"+";"-";"-";"-";"-";"-";"-";"-";"-";"-";"-";"-";"-";"~";"~";"~";"~"
"197";"+";"-";"-";"-";"-";"-";"-";"+";"-";"-";"-";"-";"+";"+";"-";"-";"-";"-";"-";"-";"-";"-";"-";"-";"+";"maille à partir";"+";"-";"-";"-";"-";"-";"-";"+";"-";"-";"-";"-";"-";"-";"-";"-";"-";"-";"-";"~";"~";"~";"~"
"198";"+";"-";"-";"-";"-";"-";"-";"+";"-";"-";"-";"-";"-";"+";"-";"+";"+";"+";"+";"-";"-";"-";"-";"-";"-";"malentendu";"-";"-";"-";"-";"-";"-";"+";"+";"-";"-";"-";"-";"-";"-";"-";"-";"-";"-";"+";"~";"~";"~";"~"
"199";"+";"-";"-";"-";"-";"-";"-";"+";"-";"-";"-";"-";"-";"+";"-";"+";"+";"+";"+";"-";"-";"-";"-";"-";"-";"manigance";"+";"-";"+";"-";"-";"-";"+";"+";"+";"+";"+";"-";"-";"-";"-";"-";"+";"-";"-";"~";"~";"~";"~"
"200";"+";"-";"-";"-";"-";"-";"-";"+";"-";"-";"-";"-";"-";"+";"-";"-";"+";"-";"+";"-";"-";"-";"-";"-";"-";"marchandage";"-";"-";"-";"-";"-";"-";"+";"+";"+";"+";"+";"-";"-";"-";"-";"-";"+";"-";"-";"~";"~";"~";"~"
"201";"+";"+";"-";"-";"-";"-";"-";"+";"+";"-";"-";"-";"+";"-";"-";"-";"+";"+";"+";"+";"-";"-";"-";"-";"-";"mariage";"-";"-";"-";"+";"-";"-";"+";"+";"+";"-";"-";"+";"+";"-";"-";"-";"-";"+";"-";"~";"~";"~";"~"
"202";"+";"-";"-";"-";"-";"-";"-";"+";"-";"-";"-";"-";"-";"+";"-";"+";"+";"+";"+";"-";"-";"-";"-";"-";"-";"match";"+";"-";"+";"-";"-";"-";"+";"+";"+";"-";"-";"-";"-";"-";"-";"-";"-";"-";"-";"~";"~";"~";"~"
"203";"+";"-";"-";"-";"-";"-";"-";"+";"-";"-";"-";"-";"-";"+";"-";"+";"+";"+";"+";"-";"-";"-";"-";"-";"-";"meeting";"+";"-";"-";"-";"-";"-";"+";"+";"+";"+";"+";"-";"-";"-";"-";"-";"-";"-";"-";"~";"~";"~";"~"
"204";"+";"-";"-";"-";"-";"-";"-";"+";"-";"-";"-";"-";"-";"+";"-";"+";"+";"+";"+";"-";"-";"-";"-";"-";"-";"mêlée";"-";"-";"-";"-";"-";"-";"+";"-";"-";"-";"-";"-";"-";"-";"-";"-";"-";"-";"-";"~";"~";"~";"~"
"205";"+";"-";"-";"-";"-";"-";"-";"+";"-";"-";"-";"-";"+";"+";"-";"+";"+";"+";"+";"+";"-";"-";"-";"-";"-";"mésalliance";"+";"-";"-";"-";"-";"-";"+";"+";"+";"-";"-";"-";"-";"-";"-";"-";"-";"-";"-";"~";"~";"~";"~"
"206";"+";"-";"-";"-";"-";"-";"-";"+";"-";"-";"-";"-";"-";"+";"-";"+";"+";"-";"+";"-";"-";"-";"-";"-";"-";"mésentente";"-";"-";"-";"-";"-";"-";"+";"+";"-";"+";"+";"-";"-";"-";"-";"-";"-";"-";"-";"~";"~";"~";"~"
"207";"+";"-";"-";"-";"-";"-";"-";"+";"-";"-";"-";"-";"-";"+";"-";"-";"-";"+";"+";"-";"-";"-";"-";"-";"-";"mots";"-";"-";"+";"-";"-";"-";"+";"-";"-";"-";"-";"-";"-";"-";"-";"-";"-";"-";"-";"~";"~";"~";"~"
"208";"+";"-";"-";"-";"-";"-";"-";"+";"-";"-";"-";"-";"-";"+";"-";"+";"+";"+";"+";"-";"-";"-";"-";"-";"-";"négociation";"+";"-";"-";"-";"-";"-";"+";"+";"+";"+";"+";"-";"-";"-";"-";"-";"+";"-";"-";"~";"~";"~";"~"
"209";"+";"+";"-";"-";"-";"-";"-";"+";"+";"-";"-";"-";"+";"-";"+";"-";"+";"-";"-";"-";"-";"-";"+";"-";"-";"opposition";"+";"-";"-";"+";"-";"-";"+";"+";"-";"+";"+";"-";"-";"-";"-";"-";"-";"+";"-";"~";"~";"~";"~"
"210";"+";"-";"-";"-";"-";"-";"-";"+";"-";"-";"-";"-";"-";"+";"+";"+";"+";"-";"+";"-";"+";"-";"-";"-";"-";"orgasme";"+";"-";"-";"-";"-";"-";"-";"-";"-";"-";"-";"-";"-";"-";"-";"-";"-";"-";"-";"~";"~";"~";"~"
"211";"+";"-";"-";"-";"-";"-";"-";"+";"-";"-";"-";"-";"-";"+";"-";"+";"+";"+";"+";"-";"-";"-";"-";"-";"-";"ostination";"+";"-";"-";"-";"-";"-";"+";"+";"-";"-";"-";"-";"-";"-";"-";"-";"-";"-";"+";"~";"~";"~";"~"
"212";"+";"-";"-";"-";"-";"-";"-";"+";"-";"-";"-";"-";"-";"+";"-";"+";"+";"+";"+";"-";"-";"-";"-";"-";"-";"palabre";"+";"-";"-";"-";"-";"-";"+";"+";"+";"+";"+";"-";"-";"-";"-";"-";"+";"-";"-";"~";"~";"~";"~"
"213";"+";"-";"-";"-";"-";"-";"-";"+";"-";"-";"-";"-";"+";"-";"-";"+";"+";"-";"-";"-";"-";"-";"+";"-";"-";"parenté";"-";"-";"-";"-";"-";"-";"+";"+";"-";"-";"-";"-";"-";"+";"+";"-";"-";"-";"-";"~";"~";"~";"~"
"214";"-";"+";"+";"+";"+";"+";"+";"-";"+";"+";"+";"+";"+";"-";"-";"+";"+";"+";"+";"-";"-";"-";"+";"-";"-";"parenté";"-";"-";"-";"-";"-";"-";"+";"+";"-";"-";"-";"+";"+";"+";"+";"-";"-";"+";"-";"~";"~";"~";"~"
"215";"+";"-";"-";"-";"-";"-";"-";"+";"-";"-";"-";"-";"+";"+";"-";"-";"+";"-";"-";"-";"+";"-";"-";"-";"+";"parité";"-";"-";"-";"-";"-";"-";"+";"+";"-";"+";"+";"-";"-";"+";"+";"-";"-";"-";"-";"~";"~";"~";"~"
"216";"+";"-";"-";"-";"-";"-";"-";"+";"-";"-";"-";"-";"+";"+";"-";"-";"+";"-";"+";"-";"-";"-";"-";"-";"-";"partage";"-";"-";"-";"-";"-";"-";"+";"+";"+";"-";"-";"-";"-";"-";"-";"-";"-";"+";"-";"~";"~";"~";"~"
"217";"+";"-";"-";"-";"-";"-";"-";"+";"-";"-";"-";"-";"-";"+";"-";"+";"+";"+";"+";"+";"-";"-";"-";"-";"-";"passade";"-";"-";"-";"-";"-";"-";"+";"-";"-";"-";"-";"-";"-";"-";"-";"-";"-";"-";"-";"~";"~";"~";"~"
"218";"+";"-";"-";"-";"-";"-";"-";"+";"-";"-";"-";"-";"-";"+";"+";"+";"+";"+";"+";"-";"-";"-";"-";"-";"-";"polémique";"+";"-";"+";"-";"-";"-";"+";"+";"-";"+";"+";"-";"-";"-";"-";"-";"+";"-";"-";"~";"~";"~";"~"
"219";"+";"-";"-";"-";"-";"-";"-";"+";"-";"-";"-";"-";"-";"+";"-";"+";"+";"+";"+";"-";"-";"-";"-";"-";"-";"prise de bec";"+";"-";"-";"-";"-";"-";"+";"+";"-";"+";"+";"-";"-";"-";"-";"-";"-";"-";"-";"~";"~";"~";"~"
"220";"+";"-";"-";"-";"-";"-";"-";"+";"-";"-";"-";"-";"-";"+";"-";"+";"+";"+";"+";"-";"-";"-";"-";"-";"-";"querelle";"+";"-";"+";"-";"-";"-";"+";"+";"-";"+";"+";"-";"-";"-";"-";"+";"-";"-";"+";"~";"~";"~";"~"
"221";"+";"-";"-";"-";"-";"-";"-";"+";"-";"-";"-";"-";"+";"+";"-";"+";"+";"+";"+";"-";"-";"-";"-";"-";"-";"quiproquo";"-";"-";"-";"-";"-";"-";"+";"+";"-";"-";"-";"-";"-";"-";"-";"-";"-";"-";"-";"~";"~";"~";"~"
"222";"+";"-";"-";"-";"-";"-";"-";"+";"-";"-";"-";"-";"-";"+";"+";"+";"+";"-";"+";"-";"-";"-";"-";"-";"-";"raccommodement";"-";"-";"-";"-";"-";"-";"+";"+";"-";"+";"+";"+";"+";"-";"-";"-";"-";"+";"-";"~";"~";"~";"~"
"223";"+";"-";"-";"-";"-";"-";"-";"+";"-";"-";"-";"-";"+";"+";"-";"+";"+";"+";"+";"-";"-";"-";"-";"-";"+";"rancard";"+";"-";"-";"-";"+";"-";"+";"+";"-";"-";"-";"-";"-";"-";"-";"-";"-";"-";"-";"~";"~";"~";"~"
"224";"-";"+";"+";"+";"+";"+";"+";"-";"+";"+";"+";"+";"+";"-";"-";"+";"+";"-";"+";"-";"-";"-";"+";"-";"+";"rapport";"-";"-";"-";"+";"-";"-";"+";"+";"-";"+";"+";"-";"-";"-";"-";"-";"-";"-";"-";"~";"~";"~";"~"
"225";"+";"-";"-";"-";"-";"-";"-";"+";"-";"-";"-";"-";"-";"+";"-";"-";"-";"+";"+";"-";"-";"-";"-";"-";"-";"rapports";"+";"-";"-";"-";"-";"-";"+";"-";"-";"-";"-";"-";"-";"-";"-";"-";"-";"-";"-";"~";"~";"~";"~"
"226";"-";"+";"+";"+";"+";"+";"+";"-";"+";"+";"+";"+";"+";"-";"-";"-";"+";"-";"+";"-";"-";"-";"-";"-";"-";"rapprochement";"-";"-";"-";"-";"-";"-";"+";"+";"-";"-";"-";"-";"-";"-";"-";"-";"-";"+";"-";"~";"~";"~";"~"
"227";"-";"+";"-";"-";"-";"-";"-";"-";"+";"-";"-";"-";"+";"-";"-";"+";"+";"-";"-";"-";"-";"-";"+";"-";"-";"réciprocité";"-";"-";"-";"-";"-";"-";"+";"+";"-";"+";"+";"-";"-";"-";"-";"-";"-";"-";"-";"~";"~";"~";"~"
"228";"+";"-";"-";"-";"-";"-";"-";"+";"-";"-";"-";"-";"-";"+";"-";"+";"+";"+";"+";"-";"+";"-";"-";"-";"-";"réconciliation";"-";"-";"-";"-";"-";"-";"+";"+";"+";"+";"+";"+";"+";"-";"-";"-";"-";"+";"+";"~";"~";"~";"~"
"229";"+";"-";"-";"-";"-";"-";"-";"+";"-";"-";"-";"-";"+";"+";"+";"+";"+";"-";"+";"-";"-";"-";"-";"-";"-";"refroidissement";"-";"+";"-";"-";"-";"-";"+";"+";"-";"+";"+";"-";"-";"-";"-";"-";"-";"+";"-";"~";"~";"~";"~"
"230";"+";"-";"-";"-";"-";"-";"-";"+";"-";"-";"-";"-";"-";"+";"+";"+";"+";"+";"+";"-";"-";"-";"-";"-";"-";"règlement de comptes";"+";"-";"-";"-";"-";"-";"+";"+";"-";"-";"-";"-";"-";"-";"-";"-";"+";"-";"-";"~";"~";"~";"~"
"231";"-";"+";"+";"+";"+";"+";"+";"-";"+";"+";"+";"+";"+";"-";"-";"+";"+";"-";"+";"-";"-";"-";"-";"-";"-";"relation";"-";"-";"-";"-";"-";"-";"+";"+";"-";"+";"+";"+";"+";"-";"-";"-";"-";"+";"-";"~";"~";"~";"~"
"232";"+";"-";"-";"-";"-";"-";"-";"+";"-";"-";"-";"-";"-";"+";"-";"-";"-";"+";"+";"-";"-";"-";"-";"-";"-";"relations";"+";"-";"-";"-";"-";"-";"+";"-";"-";"-";"-";"-";"-";"-";"-";"-";"-";"-";"-";"~";"~";"~";"~"
"233";"+";"-";"-";"-";"-";"-";"-";"+";"-";"-";"-";"-";"-";"+";"+";"+";"+";"+";"+";"-";"-";"-";"-";"-";"-";"rencontre";"+";"-";"-";"-";"-";"-";"+";"+";"-";"+";"+";"-";"-";"-";"-";"+";"-";"-";"-";"~";"~";"~";"~"
"234";"+";"-";"-";"-";"-";"-";"-";"+";"-";"-";"-";"-";"+";"+";"-";"+";"+";"+";"+";"-";"-";"-";"-";"-";"+";"rendez-vous";"+";"-";"-";"-";"+";"-";"+";"+";"-";"-";"-";"-";"-";"-";"-";"-";"-";"-";"-";"~";"~";"~";"~"
"235";"+";"-";"-";"-";"-";"-";"-";"+";"-";"-";"-";"-";"+";"+";"+";"-";"+";"-";"-";"-";"-";"-";"+";"-";"-";"répit";"+";"-";"-";"-";"-";"-";"+";"+";"-";"+";"+";"-";"-";"-";"-";"-";"-";"-";"-";"~";"~";"~";"~"
"236";"+";"-";"-";"-";"-";"-";"-";"+";"-";"-";"-";"-";"+";"+";"-";"-";"-";"+";"+";"-";"-";"-";"-";"-";"-";"représailles";"+";"-";"-";"-";"+";"-";"+";"+";"-";"-";"-";"-";"-";"-";"-";"-";"-";"-";"-";"~";"~";"~";"~"
"237";"-";"+";"-";"-";"-";"-";"-";"-";"+";"-";"-";"-";"+";"-";"-";"+";"+";"-";"+";"-";"-";"-";"+";"+";"-";"résonance";"-";"-";"-";"-";"-";"-";"+";"+";"-";"+";"+";"-";"-";"-";"-";"-";"+";"-";"-";"~";"~";"~";"~"
"238";"-";"+";"+";"+";"+";"+";"+";"-";"+";"+";"+";"+";"+";"-";"-";"+";"+";"+";"+";"-";"-";"-";"+";"-";"-";"ressemblance";"-";"-";"-";"-";"-";"-";"+";"+";"-";"-";"-";"-";"-";"-";"-";"-";"-";"-";"+";"~";"~";"~";"~"
"239";"+";"-";"-";"-";"-";"-";"-";"+";"-";"-";"-";"-";"-";"+";"-";"+";"+";"+";"+";"-";"-";"-";"-";"-";"-";"réunion";"+";"-";"-";"-";"-";"-";"+";"+";"+";"+";"+";"+";"+";"-";"-";"-";"-";"+";"-";"~";"~";"~";"~"
"240";"+";"-";"-";"-";"-";"-";"-";"+";"-";"-";"-";"-";"-";"+";"+";"+";"+";"+";"+";"-";"-";"-";"-";"-";"-";"rixe";"+";"-";"+";"-";"-";"-";"+";"+";"+";"-";"-";"-";"-";"-";"-";"-";"-";"-";"-";"~";"~";"~";"~"
"241";"+";"-";"-";"-";"-";"-";"-";"+";"-";"-";"-";"-";"-";"+";"+";"+";"+";"+";"+";"-";"-";"-";"-";"-";"-";"scène";"+";"-";"-";"-";"-";"-";"+";"-";"+";"-";"-";"-";"-";"-";"-";"-";"-";"-";"-";"~";"~";"~";"~"
"242";"+";"-";"-";"-";"-";"-";"-";"+";"-";"-";"-";"-";"+";"+";"-";"+";"+";"-";"+";"+";"-";"-";"-";"-";"-";"scission";"-";"-";"-";"-";"-";"+";"+";"+";"-";"+";"+";"-";"-";"-";"-";"+";"-";"-";"-";"~";"~";"~";"~"
"243";"+";"-";"-";"-";"-";"-";"-";"+";"-";"-";"-";"-";"+";"+";"+";"+";"+";"-";"-";"-";"+";"-";"-";"-";"-";"sécession";"+";"-";"-";"-";"-";"-";"+";"+";"+";"+";"+";"-";"-";"-";"-";"-";"-";"-";"-";"~";"~";"~";"~"
"244";"+";"-";"-";"-";"-";"-";"-";"+";"-";"-";"-";"-";"-";"+";"-";"+";"+";"-";"+";"+";"+";"-";"-";"-";"-";"séparation";"+";"-";"-";"-";"+";"+";"+";"+";"-";"+";"+";"+";"+";"-";"-";"-";"-";"+";"-";"~";"~";"~";"~"
"245";"-";"+";"+";"+";"+";"+";"+";"-";"+";"+";"+";"+";"+";"-";"+";"-";"+";"-";"-";"-";"-";"-";"+";"-";"-";"similarité";"-";"-";"-";"-";"-";"-";"+";"+";"-";"+";"+";"-";"-";"+";"+";"-";"-";"-";"-";"~";"~";"~";"~"
"246";"-";"+";"+";"+";"+";"+";"+";"-";"+";"+";"+";"+";"+";"-";"-";"-";"+";"-";"+";"-";"-";"-";"+";"-";"-";"similitude";"-";"-";"-";"-";"-";"-";"+";"+";"-";"-";"-";"-";"-";"+";"+";"-";"-";"-";"-";"~";"~";"~";"~"
"247";"+";"-";"-";"-";"-";"-";"-";"+";"-";"-";"-";"-";"+";"-";"-";"-";"+";"-";"-";"-";"-";"+";"+";"-";"-";"solidarité";"-";"-";"-";"-";"-";"-";"-";"-";"-";"-";"-";"-";"-";"+";"+";"-";"-";"+";"-";"~";"~";"~";"~"
"248";"-";"+";"+";"+";"+";"+";"+";"-";"+";"+";"+";"+";"+";"-";"-";"-";"+";"-";"-";"-";"-";"-";"+";"-";"-";"symétrie";"+";"-";"-";"-";"-";"-";"+";"+";"-";"-";"-";"-";"-";"+";"+";"-";"-";"-";"-";"~";"~";"~";"~"
"249";"+";"+";"-";"-";"-";"-";"-";"+";"+";"-";"-";"-";"+";"-";"-";"-";"+";"-";"-";"-";"-";"+";"+";"-";"-";"synchronisation";"+";"-";"-";"-";"-";"-";"+";"+";"-";"+";"+";"+";"+";"-";"-";"-";"-";"+";"-";"~";"~";"~";"~"
"250";"+";"+";"-";"-";"-";"-";"-";"+";"+";"-";"-";"-";"+";"-";"-";"-";"+";"-";"-";"-";"-";"-";"-";"-";"-";"synchronisme";"+";"-";"-";"-";"-";"-";"+";"+";"-";"+";"+";"+";"+";"+";"+";"-";"-";"+";"-";"~";"~";"~";"~"
"251";"+";"-";"-";"-";"-";"-";"-";"+";"-";"-";"-";"-";"-";"+";"-";"-";"+";"-";"+";"-";"-";"-";"-";"-";"-";"téléphone";"+";"-";"-";"-";"-";"-";"+";"-";"-";"-";"-";"-";"-";"-";"-";"-";"-";"+";"-";"~";"~";"~";"~"
"252";"+";"-";"-";"-";"-";"-";"-";"+";"-";"-";"-";"-";"-";"+";"-";"+";"+";"+";"+";"-";"-";"-";"-";"-";"-";"tête à tête";"+";"-";"-";"-";"-";"-";"+";"+";"+";"+";"+";"-";"-";"-";"-";"-";"-";"-";"-";"~";"~";"~";"~"
"253";"+";"-";"-";"-";"-";"-";"-";"+";"-";"-";"-";"-";"-";"+";"-";"+";"+";"+";"+";"-";"-";"-";"-";"-";"-";"tournoi";"+";"-";"+";"-";"-";"-";"+";"+";"+";"+";"+";"-";"-";"-";"-";"-";"-";"-";"-";"~";"~";"~";"~"
"254";"-";"+";"+";"+";"+";"+";"+";"-";"+";"+";"+";"+";"+";"-";"-";"+";"+";"+";"+";"+";"-";"-";"-";"-";"-";"trait d'union";"-";"-";"-";"-";"-";"-";"+";"+";"-";"-";"-";"-";"-";"-";"-";"-";"-";"-";"-";"~";"~";"~";"~"
"255";"+";"-";"-";"-";"-";"-";"-";"+";"-";"-";"-";"-";"-";"+";"-";"+";"+";"+";"+";"-";"-";"-";"-";"-";"-";"transaction";"-";"-";"-";"-";"-";"-";"+";"+";"+";"+";"+";"-";"-";"-";"-";"-";"+";"-";"-";"~";"~";"~";"~"
"256";"+";"-";"-";"-";"-";"-";"-";"+";"-";"-";"-";"-";"+";"-";"-";"+";"+";"-";"-";"-";"-";"-";"-";"-";"-";"union";"-";"-";"-";"-";"-";"-";"+";"+";"-";"+";"+";"+";"+";"-";"-";"-";"-";"+";"-";"~";"~";"~";"~"
"257";"+";"-";"-";"-";"-";"-";"-";"+";"-";"-";"-";"-";"+";"+";"-";"+";"+";"+";"+";"+";"-";"-";"-";"-";"-";"union libre";"+";"-";"-";"-";"-";"-";"+";"+";"-";"+";"+";"-";"-";"-";"-";"-";"-";"-";"-";"~";"~";"~";"~"
