"<ID>";"<ENT>N";"Det figé";"autre Det";"N0 =: N-hum";"donner = accorder";"donner = adresser";"donner = apporter";"donner = attribuer";"donner = flanquer";"donner = passer";"Det =: un";"Det =: des";"N1 =: Nhum";"N1 =: N-hum";"N0 et N1 se donner Det N";"GN =: le N de N0 à N1";"recevoir = avoir";"recevoir = obtenir";"recevoir = percevoir";"recevoir = prendre";"recevoir = toucher"
"1";"absolution publique";"-";"-";"-";"+";"-";"-";"-";"-";"-";"+";"-";"+";"-";"-";"+";"-";"+";"-";"-";"-"
"2";"accord de principe";"-";"Poss1";"-";"-";"-";"+";"-";"-";"-";"+";"-";"+";"+";"-";"-";"+";"+";"-";"-";"-"
"3";"accord verbal";"-";"Poss1";"-";"-";"-";"+";"-";"-";"-";"+";"-";"+";"+";"+";"-";"+";"+";"-";"-";"-"
"4";"affectation spéciale";"-";"-";"-";"+";"-";"-";"+";"-";"-";"+";"-";"+";"-";"-";"+";"+";"+";"-";"-";"-"
"5";"aide alimentaire";"-";"-";"-";"+";"-";"+";"+";"-";"-";"+";"-";"+";"-";"-";"+";"+";"+";"+";"-";"+"
"6";"aide économique";"-";"-";"-";"+";"-";"+";"+";"-";"-";"+";"-";"+";"-";"-";"+";"+";"+";"+";"-";"+"
"7";"aide militaire";"-";"-";"-";"+";"-";"+";"+";"-";"-";"+";"-";"+";"-";"-";"+";"+";"+";"+";"-";"+"
"8";"aide pécuniaire";"-";"-";"-";"+";"-";"+";"+";"-";"-";"+";"-";"+";"-";"-";"+";"+";"+";"+";"-";"+"
"9";"aide technique";"-";"-";"-";"+";"-";"+";"+";"-";"-";"+";"-";"+";"-";"-";"+";"+";"+";"+";"-";"+"
"10";"allocations familiales";"-";"les";"+";"+";"-";"-";"+";"-";"-";"-";"+";"+";"-";"-";"-";"+";"+";"+";"-";"+"
"11";"amende publique";"-";"-";"-";"-";"+";"-";"-";"-";"+";"+";"-";"+";"-";"-";"+";"+";"-";"-";"+";"-"
"12";"amnistie générale";"-";"la";"-";"+";"-";"-";"-";"-";"-";"+";"-";"+";"-";"-";"-";"-";"+";"-";"-";"-"
"13";"année sabbatique";"-";"-";"+";"+";"-";"-";"+";"-";"-";"+";"-";"+";"-";"-";"-";"+";"+";"-";"-";"-"
"14";"appellation contrôlée";"-";"la";"+";"+";"-";"-";"+";"-";"-";"-";"-";"-";"+";"-";"-";"+";"+";"-";"-";"-"
"15";"appointements fixes";"-";"-";"+";"+";"-";"-";"+";"-";"-";"-";"+";"+";"-";"-";"-";"+";"+";"+";"-";"+"
"16";"approbation tacite";"-";"Poss0";"-";"-";"-";"-";"-";"-";"-";"+";"-";"-";"+";"-";"+";"+";"+";"-";"-";"-"
"17";"appui aérien";"-";"-";"-";"+";"-";"+";"+";"-";"-";"+";"-";"+";"+";"-";"+";"+";"+";"-";"-";"-"
"18";"appui moral";"-";"Poss0";"-";"+";"-";"+";"+";"-";"-";"+";"-";"+";"+";"-";"+";"+";"+";"-";"-";"-"
"19";"appui tactique";"-";"-";"-";"+";"-";"+";"+";"-";"-";"+";"-";"+";"+";"-";"+";"+";"+";"-";"-";"-"
"20";"asile diplomatique";"-";"le";"-";"+";"-";"+";"+";"-";"-";"-";"-";"+";"-";"-";"+";"+";"+";"-";"-";"-"
"21";"asile politique";"-";"le";"-";"+";"-";"+";"+";"-";"-";"-";"-";"+";"-";"-";"+";"+";"+";"-";"-";"-"
"22";"assistance financière";"-";"-";"-";"+";"-";"+";"+";"-";"-";"+";"-";"+";"-";"-";"+";"+";"+";"+";"-";"+"
"23";"assistance judiciaire";"-";"-";"-";"+";"-";"+";"+";"-";"-";"+";"-";"+";"-";"-";"+";"+";"+";"-";"-";"-"
"24";"assistance médicale";"-";"-";"-";"+";"-";"+";"+";"-";"-";"+";"-";"+";"-";"-";"+";"+";"+";"-";"-";"-"
"25";"assistance technique";"-";"-";"-";"+";"-";"+";"+";"-";"-";"+";"-";"+";"+";"-";"+";"+";"+";"+";"-";"+"
"26";"atténuation de peine";"-";"-";"+";"+";"-";"-";"-";"-";"-";"-";"-";"+";"-";"-";"-";"-";"+";"-";"-";"-"
"27";"attributions administratives";"-";"-";"-";"-";"-";"-";"-";"-";"-";"-";"+";"+";"-";"-";"-";"+";"+";"-";"-";"-"
"28";"attributions politiques";"-";"-";"-";"-";"-";"-";"-";"-";"-";"-";"+";"+";"-";"-";"-";"+";"+";"-";"-";"-"
"29";"attributions universitaires";"-";"-";"-";"-";"-";"-";"-";"-";"-";"-";"+";"+";"-";"-";"-";"+";"+";"-";"-";"-"
"30";"autonomie administrative";"-";"la";"+";"+";"-";"+";"+";"-";"-";"-";"-";"+";"+";"-";"+";"+";"+";"-";"-";"-"
"31";"autonomie interne";"-";"la";"+";"+";"-";"+";"+";"-";"-";"-";"-";"+";"+";"-";"+";"+";"+";"-";"-";"-"
"32";"avantage fiscal";"-";"-";"+";"+";"-";"+";"+";"-";"-";"+";"-";"+";"-";"-";"+";"+";"+";"-";"-";"-"
"33";"avantages en nature";"-";"-";"-";"+";"-";"+";"+";"-";"-";"-";"+";"+";"-";"-";"+";"+";"+";"+";"-";"+"
"34";"avantages sociaux";"-";"les";"+";"+";"-";"+";"+";"-";"-";"-";"-";"+";"-";"-";"+";"+";"+";"+";"-";"+"
"35";"avis de décès";"-";"-";"-";"-";"+";"-";"-";"-";"-";"+";"-";"+";"-";"-";"+";"-";"-";"-";"-";"-"
"36";"avis défavorable";"-";"-";"-";"-";"-";"+";"-";"-";"-";"+";"-";"+";"+";"-";"+";"+";"-";"-";"-";"-"
"37";"avis favorable ";"-";"-";"-";"-";"-";"+";"-";"-";"-";"+";"-";"+";"+";"-";"+";"+";"-";"-";"-";"-"
"38";"baiser de paix";"le";"-";"-";"-";"-";"-";"-";"-";"-";"-";"-";"+";"-";"+";"+";"-";"-";"-";"-";"-"
"39";"ballon d'oxygène";"-";"-";"+";"+";"-";"+";"-";"-";"-";"+";"-";"-";"+";"-";"+";"-";"+";"-";"-";"-"
"40";"baptême de l'air";"le";"-";"-";"-";"-";"-";"-";"-";"-";"-";"-";"+";"-";"-";"-";"-";"-";"-";"-";"-"
"41";"baptême du feu";"le";"-";"-";"-";"-";"-";"-";"-";"-";"-";"-";"+";"-";"-";"-";"-";"-";"-";"-";"-"
"42";"baptême du sang";"le";"-";"-";"-";"-";"-";"-";"-";"-";"-";"-";"+";"-";"-";"-";"-";"-";"-";"-";"-"
"43";"bâton de maréchal";"-";"Poss1";"-";"+";"-";"-";"-";"-";"-";"-";"-";"+";"-";"-";"-";"+";"-";"-";"-";"-"
"44";"bénédiction des morts";"la";"-";"-";"-";"-";"-";"-";"-";"-";"-";"-";"+";"-";"-";"-";"-";"-";"-";"-";"-"
"45";"bénédiction épiscopale";"la";"-";"-";"+";"-";"-";"-";"-";"-";"-";"-";"+";"-";"-";"+";"-";"-";"-";"-";"-"
"46";"bénédiction nuptiale";"la";"-";"-";"+";"-";"-";"-";"-";"-";"-";"-";"+";"-";"-";"+";"-";"-";"-";"-";"-"
"47";"bénédiction papale";"la";"-";"-";"+";"-";"-";"-";"-";"-";"-";"-";"+";"-";"-";"+";"-";"-";"-";"-";"-"
"48";"bénédiction paternelle";"la";"-";"-";"+";"-";"-";"-";"-";"-";"-";"-";"+";"-";"-";"+";"-";"-";"-";"-";"-"
"49";"bénéfice brut";"-";"-";"+";"-";"-";"+";"-";"-";"-";"-";"-";"+";"-";"-";"-";"+";"+";"+";"-";"+"
"50";"bénéfice net";"-";"-";"+";"-";"-";"+";"-";"-";"-";"-";"-";"+";"-";"-";"-";"+";"+";"+";"-";"+"
"51";"blanc-seing";"-";"-";"-";"+";"-";"-";"-";"-";"-";"+";"-";"+";"-";"-";"+";"+";"+";"-";"-";"-"
"52";"bon conseil";"-";"-";"-";"-";"+";"-";"-";"-";"-";"+";"-";"+";"-";"+";"+";"-";"-";"-";"-";"-"
"53";"bon exemple";"le";"-";"-";"-";"-";"-";"-";"-";"-";"-";"-";"+";"-";"+";"+";"-";"-";"-";"-";"-"
"54";"bon point";"-";"-";"-";"+";"-";"-";"+";"-";"-";"+";"-";"+";"-";"-";"+";"-";"+";"-";"-";"-"
"55";"bonne adresse";"-";"-";"-";"-";"-";"+";"-";"-";"+";"+";"-";"+";"-";"+";"-";"-";"+";"-";"-";"-"
"56";"bonne éducation";"-";"-";"+";"-";"-";"+";"-";"-";"-";"+";"-";"+";"-";"-";"-";"+";"-";"-";"-";"-"
"57";"bonne fessée";"-";"-";"-";"-";"-";"-";"-";"+";"+";"+";"-";"+";"-";"-";"+";"-";"-";"-";"+";"-"
"58";"bonne note";"-";"-";"-";"+";"-";"-";"+";"-";"-";"+";"-";"+";"+";"-";"+";"+";"+";"-";"-";"-"
"59";"bonne nouvelle";"-";"-";"-";"-";"-";"+";"-";"-";"-";"+";"-";"+";"-";"-";"-";"-";"-";"-";"-";"-"
"60";"bonne volée";"-";"-";"-";"-";"-";"-";"-";"+";"-";"+";"-";"+";"-";"+";"+";"-";"-";"-";"+";"-"
"61";"bouillon de onze heures";"-";"-";"-";"-";"-";"-";"-";"-";"-";"-";"-";"+";"+";"-";"+";"-";"-";"-";"-";"-"
"62";"bourse de voyage";"-";"-";"-";"+";"-";"-";"+";"-";"-";"+";"-";"+";"-";"-";"+";"+";"+";"-";"-";"+"
"63";"bourse d'études";"-";"-";"-";"+";"-";"-";"+";"-";"-";"+";"-";"+";"-";"-";"+";"+";"+";"-";"-";"+"
"64";"brevet d'apprentissage";"-";"Poss1";"-";"+";"-";"-";"-";"-";"-";"+";"-";"+";"-";"-";"-";"+";"-";"-";"-";"-"
"65";"brevet de bonne conduite";"-";"-";"-";"+";"-";"-";"-";"-";"-";"+";"-";"+";"-";"-";"-";"-";"+";"-";"-";"-"
"66";"brevet de capacité";"-";"le";"-";"+";"-";"-";"-";"-";"-";"+";"-";"+";"-";"-";"-";"+";"+";"-";"-";"-"
"67";"brevet de conformité";"-";"-";"-";"+";"-";"-";"-";"-";"-";"+";"-";"-";"+";"-";"-";"+";"+";"-";"-";"-"
"68";"brevet de noblesse";"-";"-";"-";"+";"-";"-";"-";"-";"-";"+";"-";"+";"-";"-";"-";"+";"+";"-";"-";"-"
"69";"brevet de perfectionnement";"-";"-";"-";"+";"-";"-";"-";"-";"-";"+";"-";"+";"-";"-";"-";"+";"+";"-";"-";"-"
"70";"brevet militaire";"le";"Poss1";"-";"+";"-";"-";"-";"-";"-";"-";"-";"+";"-";"-";"-";"+";"-";"-";"-";"-"
"71";"cahier des charges";"-";"-";"-";"-";"-";"-";"-";"-";"-";"+";"-";"+";"-";"-";"-";"+";"-";"-";"-";"-"
"72";"carte blanche";"<E>";"-";"-";"-";"-";"-";"-";"-";"-";"-";"-";"+";"-";"-";"-";"+";"-";"-";"-";"-"
"73";"carton d'invitation";"-";"-";"-";"-";"+";"-";"-";"-";"+";"+";"-";"+";"-";"+";"-";"+";"+";"-";"-";"-"
"74";"carton jaune";"-";"-";"-";"-";"-";"-";"-";"+";"+";"+";"-";"+";"-";"-";"-";"-";"-";"-";"-";"-"
"75";"carton rouge";"-";"-";"-";"-";"-";"-";"-";"+";"+";"+";"-";"+";"-";"-";"-";"-";"-";"-";"-";"-"
"76";"caution bourgeoise";"-";"-";"+";"-";"-";"+";"-";"-";"-";"+";"-";"+";"+";"-";"+";"-";"-";"-";"-";"-"
"77";"caution judiciaire";"-";"-";"-";"-";"-";"+";"-";"-";"-";"+";"-";"+";"-";"-";"+";"-";"+";"-";"-";"-"
"78";"caution morale";"-";"-";"+";"-";"-";"+";"-";"-";"-";"+";"-";"+";"+";"-";"+";"-";"+";"-";"-";"-"
"79";"chèque en blanc";"-";"-";"-";"-";"-";"-";"-";"-";"-";"+";"-";"+";"-";"-";"-";"-";"-";"-";"-";"+"
"80";"chèque en bois";"-";"-";"-";"-";"-";"-";"-";"-";"-";"+";"-";"+";"-";"-";"-";"-";"-";"-";"-";"+"
"81";"choix des armes";"le";"-";"-";"+";"-";"-";"-";"-";"-";"-";"-";"+";"-";"-";"-";"+";"+";"-";"-";"-"
"82";"circonstances atténuantes";"-";"les";"-";"+";"-";"-";"-";"-";"-";"-";"+";"+";"-";"-";"-";"-";"+";"-";"-";"-"
"83";"citoyenneté (française)";"la";"-";"+";"+";"-";"-";"+";"-";"-";"-";"-";"+";"-";"-";"-";"+";"+";"-";"-";"-"
"84";"compensation légale";"-";"-";"-";"+";"-";"-";"+";"-";"-";"+";"-";"+";"-";"-";"-";"-";"+";"+";"-";"+"
"85";"compensation morale";"-";"-";"-";"+";"-";"+";"+";"-";"-";"+";"-";"+";"-";"-";"-";"-";"+";"-";"-";"-"
"86";"complément d'information";"-";"-";"-";"-";"-";"+";"-";"-";"-";"+";"-";"+";"-";"-";"+";"-";"+";"-";"-";"-"
"87";"congé annuel";"-";"Poss1";"-";"+";"-";"-";"+";"-";"-";"+";"-";"+";"-";"-";"-";"+";"+";"-";"-";"-"
"88";"congé de conversion";"-";"-";"-";"+";"-";"-";"+";"-";"-";"+";"-";"+";"-";"-";"-";"-";"+";"-";"-";"-"
"89";"congé de maladie";"-";"-";"-";"+";"-";"-";"+";"-";"-";"+";"-";"+";"-";"-";"-";"-";"+";"-";"-";"-"
"90";"congé de maternité";"-";"-";"-";"+";"-";"-";"+";"-";"-";"+";"-";"+";"-";"-";"-";"-";"+";"-";"-";"-"
"91";"congés payés";"-";"Poss1";"-";"+";"-";"-";"+";"-";"-";"-";"+";"+";"-";"-";"-";"-";"+";"-";"-";"-"
"92";"conseil d'ami";"-";"-";"-";"-";"+";"-";"-";"-";"-";"+";"-";"+";"-";"+";"+";"-";"-";"-";"-";"-"
"93";"contrat de garantie";"-";"-";"-";"+";"-";"-";"-";"-";"-";"+";"-";"+";"-";"-";"+";"-";"+";"-";"-";"-"
"94";"contrat de travail";"-";"-";"-";"+";"-";"-";"-";"-";"-";"+";"-";"+";"-";"-";"+";"-";"-";"+";"+";"+"
"95";"Cordon bleu";"le";"-";"-";"+";"-";"-";"+";"-";"-";"-";"-";"+";"-";"-";"-";"+";"+";"-";"-";"-"
"96";"couronne ducale";"la";"-";"-";"-";"-";"-";"+";"-";"-";"-";"-";"+";"-";"-";"-";"-";"+";"-";"-";"-"
"97";"couronne impériale";"la";"-";"-";"-";"-";"-";"+";"-";"-";"-";"-";"+";"-";"-";"-";"-";"+";"-";"-";"-"
"98";"couronne royale";"la";"-";"-";"-";"-";"-";"+";"-";"-";"-";"-";"+";"-";"-";"-";"-";"+";"-";"-";"-"
"99";"couvert et le gäte";"le";"-";"-";"+";"-";"-";"-";"-";"-";"-";"-";"+";"-";"-";"-";"+";"+";"-";"-";"-"
"100";"couverture sociale";"-";"-";"+";"+";"-";"+";"+";"-";"-";"+";"-";"+";"-";"-";"-";"-";"+";"-";"-";"-"
"101";"cravate de la Légion d'honneur";"la";"-";"+";"+";"-";"-";"+";"-";"-";"-";"-";"+";"-";"-";"-";"+";"+";"-";"-";"-"
"102";"crochet du droit";"-";"-";"-";"-";"-";"-";"-";"+";"-";"+";"-";"+";"-";"+";"+";"-";"-";"-";"+";"-"
"103";"crochet du gauche";"-";"-";"-";"-";"-";"-";"-";"+";"-";"+";"-";"+";"-";"+";"+";"-";"-";"-";"+";"-"
"104";"Croix de guerre";"la";"-";"+";"+";"-";"-";"+";"-";"-";"-";"-";"+";"-";"-";"-";"-";"+";"-";"-";"-"
"105";"culture littéraire";"-";"-";"+";"-";"-";"+";"-";"-";"-";"+";"-";"+";"-";"-";"-";"+";"-";"-";"-";"-"
"106";"culture musicale";"-";"-";"+";"-";"-";"+";"-";"-";"-";"+";"-";"+";"-";"-";"-";"+";"-";"-";"-";"-"
"107";"culture scientifique";"-";"-";"+";"-";"-";"+";"-";"-";"-";"+";"-";"+";"-";"-";"-";"+";"-";"-";"-";"-"
"108";"décharge de service";"-";"-";"+";"+";"-";"+";"-";"-";"-";"+";"-";"+";"-";"-";"-";"+";"+";"-";"-";"-"
"109";"dégrèvement fiscal";"-";"-";"-";"+";"-";"-";"+";"-";"-";"+";"-";"+";"-";"-";"+";"-";"+";"-";"-";"-"
"110";"délai de grâce";"-";"-";"-";"+";"-";"-";"+";"-";"-";"+";"-";"+";"-";"-";"+";"+";"+";"-";"-";"-"
"111";"délai de paiement";"-";"-";"-";"+";"-";"-";"+";"-";"-";"+";"-";"+";"-";"-";"+";"+";"+";"-";"-";"-"
"112";"délégation de pouvoir";"-";"<E>";"-";"+";"-";"-";"+";"-";"-";"+";"-";"+";"-";"+";"+";"+";"-";"-";"-";"-"
"113";"délégation de signature";"-";"<E>";"-";"+";"-";"-";"+";"-";"-";"+";"-";"+";"-";"+";"+";"+";"-";"-";"-";"-"
"114";"denier du culte";"le";"-";"-";"-";"-";"-";"-";"-";"-";"-";"-";"+";"-";"-";"-";"-";"-";"-";"-";"-"
"115";"dernières faveurs";"les";"-";"-";"+";"-";"-";"-";"-";"-";"-";"-";"+";"-";"-";"-";"-";"-";"-";"-";"-"
"116";"derniers sacrements";"les";"-";"-";"+";"-";"-";"+";"-";"-";"-";"-";"+";"-";"-";"-";"-";"-";"-";"-";"-"
"117";"dessous-de-table";"-";"-";"-";"-";"-";"-";"-";"-";"+";"-";"+";"+";"-";"-";"+";"-";"-";"-";"-";"+"
"118";"direct du droit";"-";"-";"-";"-";"-";"-";"-";"+";"-";"+";"-";"+";"-";"+";"+";"-";"-";"-";"+";"-"
"119";"direct du gauche";"-";"-";"-";"-";"-";"-";"-";"+";"-";"+";"-";"+";"-";"+";"+";"-";"-";"-";"+";"-"
"120";"dispense d'âge";"-";"-";"-";"+";"-";"-";"-";"-";"-";"+";"-";"+";"-";"-";"+";"+";"+";"-";"-";"-"
"121";"dispense de droits";"-";"-";"-";"+";"-";"-";"-";"-";"-";"+";"-";"+";"-";"-";"+";"+";"+";"-";"-";"-"
"122";"dispense religieuse";"-";"-";"-";"+";"-";"-";"-";"-";"-";"+";"-";"+";"-";"-";"+";"+";"+";"-";"-";"-"
"123";"dispense sportive";"-";"-";"-";"+";"-";"-";"-";"-";"-";"+";"-";"+";"-";"-";"+";"+";"+";"-";"-";"-"
"124";"distinction honorifique";"-";"-";"-";"+";"-";"-";"+";"-";"-";"+";"-";"+";"-";"-";"+";"-";"+";"-";"-";"-"
"125";"dommages et intérêts";"-";"-";"-";"+";"-";"+";"-";"-";"-";"-";"+";"+";"-";"-";"+";"+";"+";"-";"-";"+"
"126";"douche froide ";"-";"-";"-";"-";"-";"-";"-";"-";"-";"+";"-";"+";"-";"-";"-";"-";"-";"-";"-";"-"
"127";"droit d'asile";"-";"le";"+";"+";"-";"-";"+";"-";"-";"-";"-";"+";"-";"-";"+";"+";"+";"-";"-";"-"
"128";"droit de cité";"-";"<E>";"+";"+";"-";"-";"-";"-";"-";"-";"-";"+";"+";"-";"+";"+";"+";"-";"-";"-"
"129";"droit de jouissance légale";"-";"<E>";"+";"+";"-";"-";"-";"-";"-";"-";"-";"+";"-";"-";"-";"-";"+";"-";"-";"-"
"130";"droit de regard";"-";"<E>";"+";"+";"-";"-";"-";"-";"-";"+";"-";"+";"-";"-";"-";"+";"+";"-";"-";"-"
"131";"droit de visite";"-";"le";"+";"+";"-";"-";"-";"-";"-";"+";"-";"+";"-";"-";"-";"+";"+";"-";"-";"-"
"132";"droit de vote";"le";"-";"-";"+";"-";"-";"-";"-";"-";"-";"-";"+";"-";"-";"+";"+";"+";"-";"-";"-"
"133";"droit d'entrer";"-";"-";"+";"+";"-";"-";"-";"-";"-";"+";"-";"+";"-";"-";"-";"-";"+";"-";"-";"-"
"134";"droits civils";"-";"les";"-";"+";"-";"-";"+";"-";"-";"-";"+";"+";"-";"-";"-";"-";"+";"-";"-";"-"
"135";"droits civiques";"-";"les";"-";"+";"-";"-";"+";"-";"-";"-";"+";"+";"-";"-";"-";"-";"+";"-";"-";"-"
"136";"droits d'auteur";"-";"-";"+";"+";"-";"-";"-";"-";"-";"-";"+";"+";"-";"-";"-";"-";"+";"-";"-";"+"
"137";"échelle mobile des salaires";"la";"-";"+";"+";"-";"-";"-";"-";"-";"+";"-";"+";"-";"-";"-";"-";"+";"-";"-";"-"
"138";"écho favorable";"-";"-";"-";"-";"-";"-";"-";"-";"-";"+";"-";"-";"+";"-";"-";"+";"-";"-";"-";"-"
"139";"éducation artistique";"-";"-";"+";"-";"-";"+";"-";"-";"-";"+";"-";"+";"-";"-";"-";"+";"-";"-";"-";"-"
"140";"éducation civique";"-";"-";"+";"-";"-";"+";"-";"-";"-";"+";"-";"+";"-";"-";"-";"+";"-";"-";"-";"-"
"141";"éducation morale";"-";"-";"+";"-";"-";"+";"-";"-";"-";"+";"-";"+";"-";"-";"-";"+";"-";"-";"-";"-"
"142";"éducation musicale";"-";"-";"+";"-";"-";"+";"-";"-";"-";"+";"-";"+";"-";"-";"-";"+";"-";"-";"-";"-"
"143";"éducation politique";"-";"-";"+";"-";"-";"+";"-";"-";"-";"+";"-";"+";"-";"-";"-";"+";"-";"-";"-";"-"
"144";"éducation religieuse";"-";"-";"-";"-";"-";"+";"-";"-";"-";"+";"-";"+";"-";"-";"-";"+";"-";"-";"-";"-"
"145";"éducation sexuelle";"-";"-";"+";"-";"-";"+";"-";"-";"-";"+";"-";"+";"-";"-";"+";"-";"-";"-";"-";"-"
"146";"éducation sportive";"-";"-";"+";"-";"-";"+";"-";"-";"-";"+";"-";"+";"-";"-";"+";"-";"-";"-";"-";"-"
"147";"engagement écrit";"-";"-";"-";"-";"+";"-";"-";"-";"-";"+";"-";"+";"-";"-";"-";"+";"+";"-";"-";"-"
"148";"engagement formel";"-";"-";"-";"-";"+";"-";"-";"-";"-";"+";"-";"+";"-";"-";"-";"+";"+";"-";"-";"-"
"149";"engagement oral";"-";"-";"-";"-";"+";"-";"-";"-";"-";"+";"-";"+";"-";"-";"-";"+";"+";"-";"-";"-"
"150";"enseignement  commercial";"-";"-";"-";"-";"-";"-";"-";"-";"-";"+";"-";"+";"-";"-";"+";"-";"-";"-";"-";"-"
"151";"enseignement général";"-";"-";"-";"-";"-";"-";"-";"-";"-";"+";"-";"+";"-";"-";"+";"-";"-";"-";"-";"-"
"152";"enseignement magistral";"-";"-";"-";"-";"-";"-";"-";"-";"-";"+";"-";"+";"-";"-";"+";"-";"-";"-";"-";"-"
"153";"enseignement professionnel";"-";"-";"-";"-";"-";"-";"-";"-";"-";"+";"-";"+";"-";"-";"+";"-";"-";"-";"-";"-"
"154";"enseignement religieux";"-";"-";"-";"-";"-";"-";"-";"-";"-";"+";"-";"+";"-";"-";"+";"-";"-";"-";"-";"-"
"155";"enseignement technique";"-";"-";"-";"-";"-";"-";"-";"-";"-";"+";"-";"+";"-";"-";"+";"-";"-";"-";"-";"-"
"156";"étoile ènième";"-";"Poss1";"+";"+";"-";"+";"+";"-";"-";"+";"-";"+";"-";"-";"-";"-";"+";"-";"-";"-"
"157";"exonération fiscale";"-";"-";"-";"+";"-";"-";"+";"-";"-";"+";"-";"+";"-";"-";"+";"+";"+";"-";"-";"-"
"158";"extrême onction";"la";"-";"-";"+";"-";"-";"-";"-";"-";"-";"-";"+";"-";"-";"-";"-";"+";"-";"-";"-"
"159";"faire-part";"-";"-";"-";"-";"+";"-";"-";"-";"-";"+";"-";"+";"-";"-";"+";"-";"-";"-";"-";"-"
"160";"faire-part de décès";"-";"-";"-";"-";"+";"-";"-";"-";"-";"+";"-";"+";"-";"-";"+";"-";"-";"-";"-";"-"
"161";"faire-part de mariage";"-";"-";"-";"-";"+";"-";"-";"-";"-";"+";"-";"+";"-";"-";"+";"-";"-";"-";"-";"-"
"162";"faire-part de naissance";"-";"-";"-";"-";"+";"-";"-";"-";"-";"+";"-";"+";"-";"-";"+";"-";"-";"-";"-";"-"
"163";"faux espoirs";"-";"-";"+";"-";"-";"+";"-";"-";"-";"-";"+";"+";"-";"-";"-";"-";"-";"-";"-";"-"
"164";"feu vert";"le";"-";"-";"-";"-";"-";"-";"-";"-";"-";"-";"+";"+";"-";"+";"+";"+";"-";"-";"-"
"165";"feuille de route";"Poss1";"-";"-";"-";"+";"-";"-";"-";"-";"-";"-";"+";"-";"-";"-";"-";"-";"-";"-";"-"
"166";"ficelle ènième";"-";"Poss1";"+";"+";"-";"-";"+";"-";"-";"+";"-";"+";"-";"-";"-";"-";"+";"-";"-";"-"
"167";"formation militaire";"-";"-";"-";"-";"-";"+";"-";"-";"-";"+";"-";"+";"-";"-";"+";"+";"+";"-";"-";"-"
"168";"formation politique";"-";"-";"-";"-";"-";"+";"-";"-";"-";"+";"-";"+";"-";"-";"+";"+";"+";"-";"-";"-"
"169";"formation professionnelle";"-";"-";"-";"-";"-";"+";"-";"-";"-";"+";"-";"+";"-";"-";"+";"+";"+";"-";"-";"-"
"170";"frais de déplacement";"-";"-";"-";"+";"-";"-";"+";"-";"-";"-";"+";"+";"-";"-";"+";"-";"+";"+";"-";"+"
"171";"frais de séjours";"-";"-";"-";"+";"-";"-";"+";"-";"-";"-";"+";"+";"-";"-";"+";"-";"+";"+";"-";"+"
"172";"gain de cause";"<E>";"-";"+";"-";"-";"-";"-";"-";"-";"-";"-";"+";"-";"-";"-";"-";"+";"-";"-";"-"
"173";"galons de N(grade)";"-";"Poss1";"+";"+";"-";"+";"+";"-";"-";"-";"-";"+";"-";"-";"-";"-";"+";"-";"-";"-"
"174";"garantie légale";"-";"-";"+";"-";"-";"+";"-";"-";"-";"+";"-";"+";"+";"-";"-";"+";"-";"-";"-";"-"
"175";"grade universitaire";"-";"-";"-";"+";"-";"-";"+";"-";"-";"+";"-";"+";"-";"-";"-";"-";"+";"-";"-";"-"
"176";"grand Cordon";"le";"-";"-";"+";"-";"-";"+";"-";"-";"-";"-";"+";"-";"-";"-";"+";"+";"-";"-";"-"
"177";"grand Croix";"la";"-";"+";"+";"-";"-";"+";"-";"-";"-";"-";"+";"-";"-";"-";"-";"+";"-";"-";"-"
"178";"habit vert";"le";"-";"+";"-";"-";"-";"-";"-";"-";"-";"-";"+";"-";"-";"-";"-";"+";"-";"-";"-"
"179";"honneurs de la guerre";"les";"-";"-";"+";"-";"-";"-";"-";"-";"-";"-";"+";"-";"-";"-";"-";"+";"-";"-";"-"
"180";"immunité diplomatique";"-";"la";"-";"+";"-";"-";"+";"-";"-";"-";"-";"+";"-";"-";"+";"-";"+";"-";"-";"-"
"181";"immunité ecclésiastique";"-";"la";"-";"+";"-";"-";"+";"-";"-";"-";"-";"+";"-";"-";"+";"-";"+";"-";"-";"-"
"182";"immunité parlementaire";"-";"la";"-";"+";"-";"-";"+";"-";"-";"-";"-";"+";"-";"-";"+";"-";"+";"-";"-";"-"
"183";"indemnité de déplacement";"-";"-";"-";"+";"-";"-";"+";"-";"-";"+";"-";"+";"-";"-";"+";"+";"+";"-";"-";"+"
"184";"indemnité de guerre";"-";"-";"-";"+";"-";"-";"+";"-";"-";"+";"-";"+";"-";"-";"+";"+";"+";"-";"-";"+"
"185";"indemnité de logement";"-";"-";"-";"+";"-";"-";"+";"-";"-";"+";"-";"+";"-";"-";"+";"+";"+";"-";"-";"+"
"186";"indemnité de résidence";"-";"-";"-";"+";"-";"-";"+";"-";"-";"+";"-";"+";"-";"-";"+";"+";"+";"-";"-";"+"
"187";"indemnité journalière";"-";"-";"-";"+";"-";"-";"+";"-";"-";"+";"-";"+";"-";"-";"+";"+";"+";"-";"-";"+"
"188";"indemnité parlementaire";"-";"-";"-";"+";"-";"-";"+";"-";"-";"+";"-";"+";"-";"-";"+";"+";"+";"-";"-";"+"
"189";"indulgence partielle";"-";"-";"-";"+";"-";"-";"-";"-";"-";"+";"-";"+";"-";"-";"+";"-";"+";"-";"-";"-"
"190";"indulgence plénière";"-";"-";"-";"+";"-";"-";"-";"-";"-";"+";"-";"+";"-";"-";"+";"-";"+";"-";"-";"-"
"191";"initiation artistique";"-";"-";"-";"-";"-";"+";"-";"-";"-";"+";"-";"+";"-";"-";"-";"+";"+";"-";"-";"-"
"192";"initiation littéraire";"-";"-";"-";"-";"-";"+";"-";"-";"-";"+";"-";"+";"-";"-";"-";"+";"+";"-";"-";"-"
"193";"initiation mathématique";"-";"-";"-";"-";"-";"+";"-";"-";"-";"+";"-";"+";"-";"-";"-";"+";"+";"-";"-";"-"
"194";"initiation musicale";"-";"-";"-";"-";"-";"+";"-";"-";"-";"+";"-";"+";"-";"-";"-";"+";"+";"-";"-";"-"
"195";"initiation scientifique";"-";"-";"-";"-";"-";"+";"-";"-";"-";"+";"-";"+";"-";"-";"-";"+";"+";"-";"-";"-"
"196";"initiation sexuelle";"-";"-";"-";"-";"-";"+";"-";"-";"-";"+";"-";"+";"-";"-";"-";"+";"+";"-";"-";"-"
"197";"insertion professionnelle";"-";"-";"+";"-";"-";"+";"-";"-";"-";"+";"-";"+";"-";"-";"-";"-";"-";"-";"-";"-"
"198";"insertion sociale";"-";"-";"+";"-";"-";"+";"-";"-";"-";"+";"-";"+";"-";"-";"-";"-";"-";"-";"-";"-"
"199";"insigne honorifique";"-";"-";"-";"+";"-";"-";"+";"-";"-";"+";"-";"+";"-";"-";"-";"+";"+";"-";"-";"-"
"200";"insignes de la Légion d'honneur";"les";"-";"-";"+";"-";"-";"+";"-";"-";"-";"-";"+";"-";"-";"-";"+";"+";"-";"-";"-"
"201";"instruction militaire";"-";"-";"-";"-";"-";"+";"-";"-";"-";"+";"-";"+";"-";"-";"+";"+";"-";"-";"-";"-"
"202";"instruction professionnelle";"-";"-";"-";"-";"-";"+";"-";"-";"-";"+";"-";"+";"-";"-";"+";"+";"-";"-";"-";"-"
"203";"intérêt bancaire";"-";"-";"+";"-";"-";"+";"-";"-";"-";"+";"-";"+";"-";"-";"-";"+";"+";"-";"-";"-"
"204";"intérêt légal";"-";"-";"+";"-";"-";"+";"-";"-";"-";"+";"-";"+";"-";"-";"-";"+";"+";"-";"-";"-"
"205";"investiture parlementaire";"la";"-";"-";"+";"-";"-";"-";"-";"-";"-";"-";"+";"-";"-";"+";"+";"+";"-";"-";"-"
"206";"jeton de présence";"-";"-";"-";"-";"-";"-";"-";"-";"-";"+";"-";"+";"-";"-";"-";"-";"-";"-";"+";"+"
"207";"label de garantie";"-";"-";"-";"+";"-";"-";"+";"-";"-";"+";"-";"-";"+";"-";"+";"+";"+";"-";"-";"-"
"208";"label de qualité";"-";"-";"-";"+";"-";"-";"+";"-";"-";"+";"-";"-";"+";"-";"+";"+";"+";"-";"-";"-"
"209";"laissez-passer";"-";"-";"-";"+";"-";"-";"+";"-";"-";"+";"-";"+";"-";"-";"+";"+";"+";"-";"-";"-"
"210";"leçon de conduite";"-";"-";"-";"-";"-";"-";"-";"-";"-";"+";"-";"+";"-";"+";"+";"-";"-";"-";"-";"-"
"211";"leçon de morale";"-";"-";"-";"-";"-";"-";"-";"-";"-";"+";"-";"+";"-";"+";"+";"-";"-";"-";"-";"-"
"212";"leçon particulière";"-";"-";"-";"-";"-";"-";"-";"-";"-";"+";"-";"+";"-";"-";"+";"-";"-";"-";"-";"-"
"213";"légion d'honneur";"la";"-";"+";"+";"-";"-";"+";"-";"-";"-";"-";"+";"-";"-";"-";"+";"+";"-";"-";"-"
"214";"lettre de cachet";"-";"-";"-";"-";"+";"-";"-";"-";"-";"+";"-";"+";"-";"-";"+";"-";"-";"-";"-";"-"
"215";"lettre de licenciement";"-";"-";"-";"-";"+";"-";"-";"-";"-";"+";"-";"+";"-";"-";"+";"-";"-";"-";"-";"-"
"216";"lettre de rappel";"-";"-";"-";"-";"+";"-";"-";"-";"-";"+";"-";"+";"-";"-";"+";"-";"-";"-";"-";"-"
"217";"lettres de créance";"-";"-";"-";"-";"+";"-";"-";"-";"-";"-";"+";"+";"-";"-";"-";"-";"-";"-";"-";"-"
"218";"lettres de noblesse";"-";"Poss1";"-";"-";"+";"-";"+";"-";"-";"-";"+";"+";"+";"-";"-";"-";"-";"-";"-";"-"
"219";"lettres patentes";"-";"-";"-";"-";"+";"-";"+";"-";"-";"-";"+";"+";"-";"-";"+";"-";"-";"-";"-";"-"
"220";"leviers de commande";"les";"-";"+";"-";"-";"-";"-";"-";"+";"-";"-";"+";"-";"-";"-";"+";"-";"-";"-";"-"
"221";"libération conditionnelle";"-";"-";"-";"+";"-";"-";"-";"-";"-";"+";"-";"+";"-";"-";"+";"+";"+";"-";"-";"-"
"222";"liberté civile";"la";"-";"-";"+";"-";"-";"+";"-";"-";"-";"-";"+";"-";"-";"-";"+";"+";"-";"-";"-"
"223";"liberté d'action";"-";"Poss1";"+";"+";"-";"+";"+";"-";"-";"-";"-";"+";"-";"-";"-";"+";"+";"-";"-";"-"
"224";"liberté de la presse";"-";"la";"-";"+";"-";"-";"+";"-";"-";"-";"-";"+";"-";"-";"-";"+";"+";"-";"-";"-"
"225";"liberté de parole";"-";"la";"-";"+";"-";"-";"+";"-";"-";"-";"-";"+";"-";"-";"-";"+";"+";"-";"-";"-"
"226";"liberté de penser";"-";"la";"-";"+";"-";"-";"+";"-";"-";"-";"-";"+";"-";"-";"-";"+";"+";"-";"-";"-"
"227";"liberté politique";"-";"la";"-";"+";"-";"-";"+";"-";"-";"-";"-";"+";"-";"-";"-";"+";"+";"-";"-";"-"
"228";"libertés individuelles";"-";"les";"-";"+";"-";"-";"+";"-";"-";"-";"+";"+";"-";"-";"-";"-";"+";"-";"-";"-"
"229";"libertés publiques";"-";"les";"-";"+";"-";"-";"+";"-";"-";"-";"-";"+";"-";"-";"-";"-";"+";"-";"-";"-"
"230";"libre pratique";"-";"<E>";"-";"-";"-";"-";"-";"-";"-";"-";"-";"+";"-";"-";"-";"-";"+";"-";"-";"-"
"231";"liste civile";"-";"-";"-";"+";"-";"-";"+";"-";"-";"-";"-";"+";"-";"-";"-";"+";"+";"-";"-";"-"
"232";"lot de consolation";"-";"-";"-";"+";"-";"-";"+";"-";"-";"+";"-";"+";"-";"-";"+";"-";"+";"-";"-";"-"
"233";"majorité absolue";"-";"la";"-";"-";"-";"+";"-";"-";"-";"-";"-";"+";"-";"-";"-";"+";"+";"-";"-";"-"
"234";"mandat d'amener";"-";"-";"-";"-";"+";"-";"-";"-";"-";"+";"-";"+";"-";"-";"-";"-";"-";"-";"-";"-"
"235";"mandat d'arrêt";"-";"-";"-";"-";"+";"-";"-";"-";"-";"+";"-";"+";"-";"-";"-";"-";"-";"-";"-";"-"
"236";"mandat de perquisition";"-";"-";"-";"-";"+";"-";"-";"-";"-";"+";"-";"+";"-";"-";"-";"-";"-";"-";"-";"-"
"237";"mandat électif";"-";"-";"-";"+";"-";"-";"-";"-";"-";"+";"-";"+";"-";"-";"+";"-";"+";"-";"-";"-"
"238";"mandat législatif";"-";"-";"-";"+";"-";"-";"-";"-";"-";"+";"-";"+";"-";"-";"+";"-";"+";"-";"-";"-"
"239";"mandat parlementaire";"-";"-";"-";"+";"-";"-";"-";"-";"-";"+";"-";"+";"-";"-";"+";"-";"+";"-";"-";"-"
"240";"marge de liberté";"-";"-";"-";"+";"-";"+";"-";"-";"-";"-";"-";"+";"-";"-";"-";"+";"+";"-";"-";"-"
"241";"marge de manoeuvre";"-";"-";"-";"+";"-";"+";"-";"-";"-";"-";"-";"+";"-";"-";"-";"+";"+";"-";"-";"-"
"242";"marque personnelle";"-";"Poss0";"-";"-";"-";"+";"-";"-";"-";"+";"-";"-";"+";"-";"+";"+";"-";"-";"-";"-"
"243";"marques de N(sent.)";"-";"-";"-";"-";"-";"+";"-";"-";"-";"-";"+";"+";"-";"+";"+";"-";"+";"-";"-";"-"
"244";"mauvais exemple";"le";"-";"-";"-";"-";"-";"-";"-";"-";"-";"-";"+";"-";"+";"+";"-";"-";"-";"-";"-"
"245";"mauvais point";"-";"-";"-";"-";"-";"-";"+";"-";"-";"+";"-";"+";"+";"-";"+";"-";"+";"-";"-";"-"
"246";"mauvaise note";"-";"-";"-";"-";"-";"-";"+";"-";"-";"+";"-";"+";"+";"-";"+";"+";"+";"-";"-";"-"
"247";"mauvaise nouvelle";"-";"-";"-";"-";"-";"+";"-";"-";"-";"+";"-";"+";"-";"-";"-";"-";"-";"-";"-";"-"
"248";"médaille d'argent";"-";"la";"+";"-";"-";"-";"+";"-";"-";"+";"-";"+";"-";"-";"-";"+";"+";"-";"-";"-"
"249";"médaille de bronze";"-";"la";"+";"-";"-";"-";"+";"-";"-";"+";"-";"+";"-";"-";"-";"+";"+";"-";"-";"-"
"250";"médaille d'or";"-";"la";"+";"-";"-";"-";"+";"-";"-";"+";"-";"+";"-";"-";"-";"+";"+";"-";"-";"-"
"251";"médaille militaire";"la";"-";"+";"-";"-";"-";"+";"-";"-";"-";"-";"+";"-";"-";"-";"+";"+";"-";"-";"-"
"252";"mention assez-bien";"-";"la";"-";"+";"-";"-";"+";"-";"-";"-";"-";"+";"-";"-";"+";"+";"+";"-";"-";"-"
"253";"mention bien";"-";"la";"-";"+";"-";"-";"+";"-";"-";"-";"-";"+";"-";"-";"+";"+";"+";"-";"-";"-"
"254";"mention honorable";"-";"la";"-";"+";"-";"-";"+";"-";"-";"-";"-";"+";"-";"-";"+";"+";"+";"-";"-";"-"
"255";"mention passable";"-";"la";"-";"+";"-";"-";"+";"-";"-";"-";"-";"+";"-";"-";"+";"+";"+";"-";"-";"-"
"256";"mention très bien";"-";"la";"-";"+";"-";"-";"+";"-";"-";"-";"-";"+";"-";"-";"+";"+";"+";"-";"-";"-"
"257";"mention très honorable";"-";"la";"-";"+";"-";"-";"+";"-";"-";"-";"-";"+";"-";"-";"+";"+";"+";"-";"-";"-"
"258";"Mérite agricole";"le";"-";"+";"+";"-";"-";"+";"-";"-";"-";"-";"+";"-";"-";"-";"+";"+";"-";"-";"-"
"259";"message politique";"-";"-";"-";"-";"+";"-";"-";"-";"-";"+";"-";"+";"-";"-";"+";"-";"-";"-";"-";"-"
"260";"minimum vital";"le";"-";"-";"+";"-";"+";"+";"-";"-";"-";"-";"+";"-";"-";"-";"-";"+";"-";"-";"+"
"261";"mission de confiance";"-";"-";"-";"-";"-";"-";"+";"-";"-";"+";"-";"+";"-";"-";"+";"+";"-";"-";"-";"-"
"262";"mission secrète";"-";"-";"-";"-";"-";"-";"+";"-";"-";"+";"-";"+";"-";"-";"+";"+";"-";"-";"-";"-"
"263";"mois treizième";"le";"-";"-";"+";"-";"-";"+";"-";"-";"-";"-";"+";"-";"-";"+";"+";"+";"-";"-";"+"
"264";"monnaie de singe";"-";"-";"-";"-";"-";"-";"-";"-";"+";"-";"-";"+";"-";"-";"-";"-";"-";"-";"-";"+"
"265";"montants compensatoires";"-";"-";"-";"+";"-";"-";"+";"-";"-";"-";"+";"+";"-";"-";"+";"+";"+";"-";"-";"-"
"266";"mot de passe";"le";"-";"-";"-";"-";"-";"-";"-";"-";"-";"-";"+";"-";"+";"+";"-";"-";"-";"-";"-"
"267";"mot d'ordre";"-";"-";"-";"-";"-";"-";"-";"-";"-";"+";"-";"+";"-";"-";"+";"-";"-";"-";"-";"-"
"268";"mot d'ordre de débrayage";"-";"-";"-";"-";"-";"-";"-";"-";"-";"+";"-";"+";"-";"-";"+";"-";"-";"-";"-";"-"
"269";"mot d'ordre de grève";"-";"-";"-";"-";"-";"-";"-";"-";"-";"+";"-";"+";"-";"-";"+";"-";"-";"-";"-";"-"
"270";"nationalité (française)";"la";"-";"+";"+";"-";"-";"+";"-";"-";"-";"-";"+";"-";"-";"-";"+";"+";"-";"-";"-"
"271";"noms d'oiseaux";"des";"-";"-";"-";"-";"-";"-";"-";"-";"-";"-";"+";"-";"-";"-";"-";"-";"-";"-";"-"
"272";"note administrative";"-";"Poss1";"-";"-";"-";"-";"+";"-";"-";"-";"-";"+";"-";"-";"+";"+";"+";"-";"-";"-"
"273";"numéro de compte";"-";"-";"-";"-";"-";"-";"+";"-";"-";"+";"-";"+";"-";"-";"-";"+";"+";"-";"-";"-"
"274";"numéro d'immatriculation";"-";"-";"-";"-";"-";"-";"+";"-";"-";"+";"-";"+";"-";"-";"-";"+";"+";"-";"-";"-"
"275";"numéro d'inscription";"-";"-";"-";"-";"-";"-";"+";"-";"-";"+";"-";"+";"-";"-";"-";"+";"+";"-";"-";"-"
"276";"numéro d'ordre";"-";"-";"-";"-";"-";"-";"+";"-";"-";"+";"-";"+";"-";"-";"-";"+";"+";"-";"-";"-"
"277";"numéro matricule";"-";"-";"-";"-";"-";"-";"+";"-";"-";"+";"-";"+";"-";"-";"-";"+";"+";"-";"-";"-"
"278";"ordre d'achat";"-";"-";"-";"-";"+";"-";"-";"-";"+";"+";"-";"+";"-";"-";"+";"-";"-";"-";"-";"-"
"279";"Ordre de Malte";"le";"-";"-";"+";"-";"-";"+";"-";"-";"-";"-";"+";"-";"-";"-";"+";"+";"-";"-";"-"
"280";"ordre de marche";"-";"-";"-";"-";"+";"-";"-";"-";"-";"+";"-";"+";"-";"-";"+";"+";"-";"-";"-";"-"
"281";"ordre de mission";"-";"Poss1";"-";"-";"+";"-";"-";"-";"-";"+";"-";"+";"-";"-";"+";"+";"-";"-";"-";"-"
"282";"ordre de mobilisation";"-";"Poss1";"-";"-";"+";"-";"-";"-";"-";"+";"-";"+";"-";"-";"+";"+";"-";"-";"-";"-"
"283";"ordre de vente";"-";"-";"-";"-";"+";"-";"-";"-";"-";"+";"-";"+";"-";"-";"+";"+";"-";"-";"-";"-"
"284";"ordre écrit";"-";"-";"-";"-";"+";"-";"-";"-";"-";"+";"-";"+";"-";"-";"+";"-";"-";"-";"-";"-"
"285";"ordre verbal";"-";"-";"-";"-";"+";"-";"-";"-";"-";"+";"-";"+";"-";"-";"+";"-";"-";"-";"-";"-"
"286";"ordres majeurs";"les";"-";"-";"+";"-";"-";"-";"-";"-";"-";"-";"+";"-";"-";"-";"-";"+";"-";"-";"-"
"287";"ordres mineurs";"les";"-";"-";"+";"-";"-";"-";"-";"-";"-";"-";"+";"-";"-";"-";"-";"+";"-";"-";"-"
"288";"paire de claques";"-";"-";"-";"-";"-";"-";"-";"+";"+";"+";"-";"+";"-";"+";"+";"-";"-";"-";"+";"-"
"289";"paire de gifles";"-";"-";"-";"-";"-";"-";"-";"+";"+";"+";"-";"+";"-";"+";"+";"-";"-";"-";"+";"-"
"290";"palmes académiques";"les";"-";"-";"+";"-";"-";"+";"-";"-";"-";"-";"+";"-";"-";"-";"-";"+";"-";"-";"-"
"291";"parole d'homme";"Poss0";"-";"-";"-";"-";"-";"-";"-";"-";"-";"-";"+";"-";"+";"+";"-";"-";"-";"-";"-"
"292";"parole d'honneur";"Poss0";"-";"-";"-";"-";"-";"-";"-";"-";"-";"-";"+";"-";"+";"+";"-";"-";"-";"-";"-"
"293";"part du pauvre";"la";"-";"-";"-";"-";"-";"-";"-";"-";"-";"-";"+";"-";"-";"-";"+";"+";"-";"-";"-"
"294";"participation aux bénéfices";"-";"-";"-";"+";"-";"-";"-";"-";"-";"+";"-";"+";"-";"-";"-";"-";"+";"-";"-";"-"
"295";"peau d'âne";"-";"-";"-";"+";"-";"-";"+";"-";"-";"+";"-";"+";"-";"-";"-";"-";"+";"-";"-";"-"
"296";"pension alimentaire";"-";"-";"-";"+";"-";"-";"+";"-";"-";"+";"-";"+";"-";"-";"+";"-";"+";"-";"-";"-"
"297";"pension de reconversion";"-";"-";"-";"+";"-";"-";"+";"-";"-";"+";"-";"+";"-";"-";"+";"-";"+";"-";"-";"-"
"298";"pension d'invalidité";"-";"-";"-";"+";"-";"-";"+";"-";"-";"+";"-";"+";"-";"-";"+";"-";"+";"-";"-";"-"
"299";"pension viagère";"-";"-";"-";"+";"-";"-";"+";"-";"-";"+";"-";"+";"-";"-";"+";"-";"+";"-";"-";"-"
"300";"permis d'inhumer";"le";"-";"-";"+";"-";"-";"+";"-";"-";"-";"-";"+";"-";"-";"+";"-";"-";"-";"-";"-"
"301";"permission de détente";"-";"-";"-";"+";"-";"-";"+";"-";"-";"+";"-";"+";"-";"-";"+";"+";"+";"-";"-";"-"
"302";"permission de minuit";"la";"-";"-";"+";"-";"-";"+";"-";"-";"-";"-";"+";"-";"-";"+";"+";"+";"-";"-";"-"
"303";"pleins pouvoirs";"les";"-";"-";"+";"-";"-";"+";"-";"-";"-";"-";"+";"-";"-";"+";"+";"+";"-";"-";"-"
"304";"plus-value";"-";"-";"-";"-";"-";"+";"-";"-";"-";"+";"-";"+";"+";"-";"-";"-";"+";"-";"-";"+"
"305";"poignée de main";"-";"-";"-";"-";"-";"-";"-";"-";"-";"+";"-";"+";"-";"+";"+";"-";"-";"-";"-";"-"
"306";"point de repère";"-";"-";"+";"-";"-";"+";"-";"-";"-";"+";"-";"+";"-";"-";"-";"+";"-";"-";"-";"-"
"307";"port d'armes";"-";"le";"-";"+";"-";"-";"-";"-";"-";"+";"-";"+";"-";"-";"-";"-";"+";"-";"-";"-"
"308";"poste de confiance";"-";"-";"-";"+";"-";"-";"+";"-";"-";"+";"-";"+";"-";"-";"-";"-";"+";"-";"-";"-"
"309";"pot-de-vin";"-";"-";"-";"-";"-";"-";"-";"-";"-";"+";"-";"+";"-";"-";"+";"-";"+";"-";"-";"+"
"310";"potion magique";"-";"-";"-";"-";"-";"-";"-";"-";"-";"+";"-";"+";"-";"-";"+";"-";"-";"-";"-";"-"
"311";"pourpre cardinalice";"la";"-";"-";"+";"-";"-";"+";"-";"-";"-";"-";"+";"-";"-";"-";"-";"+";"-";"-";"-"
"312";"pourpre consulaire";"la";"-";"-";"+";"-";"-";"+";"-";"-";"-";"-";"+";"-";"-";"-";"-";"+";"-";"-";"-"
"313";"pourpre romaine";"-";"-";"-";"+";"-";"-";"+";"-";"-";"-";"-";"+";"-";"-";"-";"-";"+";"-";"-";"-"
"314";"préavis de congé";"-";"-";"-";"+";"-";"-";"-";"-";"-";"+";"-";"+";"-";"-";"+";"-";"-";"-";"-";"-"
"315";"préavis de grève";"-";"-";"-";"+";"-";"-";"-";"-";"-";"+";"-";"+";"-";"-";"+";"-";"-";"-";"-";"-"
"316";"préavis de licenciement";"-";"-";"-";"+";"-";"-";"-";"-";"-";"+";"-";"+";"-";"-";"+";"-";"-";"-";"-";"-"
"317";"préavis de n jours";"-";"-";"-";"+";"-";"-";"-";"-";"-";"+";"-";"+";"-";"-";"+";"-";"-";"-";"-";"-"
"318";"premiers soins";"les";"-";"-";"-";"-";"+";"-";"-";"-";"-";"-";"+";"-";"-";"+";"-";"-";"-";"-";"-"
"319";"prestations familiales";"-";"-";"-";"+";"-";"-";"+";"-";"-";"-";"+";"+";"-";"-";"+";"-";"+";"-";"-";"+"
"320";"prestations sociales";"-";"-";"-";"+";"-";"-";"+";"-";"-";"-";"+";"+";"-";"-";"+";"-";"+";"-";"-";"+"
"321";"preuve d'amour";"-";"-";"-";"-";"-";"+";"+";"-";"-";"+";"-";"+";"-";"+";"+";"-";"+";"-";"-";"-"
"322";"prime à la construction";"-";"-";"-";"+";"-";"-";"+";"-";"-";"+";"-";"+";"-";"-";"+";"-";"+";"-";"-";"+"
"323";"prime à l'exportation";"-";"-";"-";"+";"-";"-";"+";"-";"-";"+";"-";"+";"-";"-";"+";"-";"+";"-";"-";"+"
"324";"prix académique";"-";"-";"-";"+";"-";"-";"+";"-";"-";"+";"-";"+";"-";"-";"+";"-";"+";"-";"-";"-"
"325";"prix de consolation";"-";"-";"-";"+";"-";"-";"+";"-";"-";"+";"-";"+";"-";"-";"+";"-";"+";"-";"-";"-"
"326";"prix d'encouragement";"-";"-";"-";"+";"-";"-";"+";"-";"-";"+";"-";"+";"-";"-";"+";"-";"+";"-";"-";"-"
"327";"prix Field";"le";"-";"-";"+";"-";"-";"+";"-";"-";"-";"-";"+";"-";"-";"-";"-";"+";"-";"-";"-"
"328";"prix Goncourt";"le";"-";"-";"+";"-";"-";"+";"-";"-";"-";"-";"+";"-";"-";"-";"-";"+";"-";"-";"-"
"329";"prix littéraire";"-";"-";"-";"+";"-";"-";"+";"-";"-";"+";"-";"+";"-";"-";"-";"-";"+";"-";"-";"-"
"330";"prix Nobel";"le";"-";"-";"+";"-";"-";"+";"-";"-";"-";"-";"+";"-";"-";"-";"-";"+";"-";"-";"-"
"331";"prix scientifique";"-";"-";"-";"+";"-";"-";"+";"-";"-";"+";"-";"+";"-";"-";"-";"-";"+";"-";"-";"-"
"332";"qualification professionnelle";"-";"-";"+";"-";"-";"+";"-";"-";"-";"+";"-";"+";"-";"-";"-";"+";"-";"-";"-";"-"
"333";"quote-part";"Poss0";"-";"-";"-";"-";"+";"-";"-";"-";"-";"-";"-";"+";"-";"+";"-";"+";"-";"-";"-"
"334";"rallonge budgétaire";"-";"-";"-";"+";"-";"-";"-";"-";"-";"+";"-";"+";"+";"-";"+";"-";"-";"-";"-";"+"
"335";"récompense académique";"-";"-";"-";"+";"-";"-";"+";"-";"-";"+";"-";"+";"-";"-";"+";"-";"+";"-";"-";"-"
"336";"récompense honorifique";"-";"-";"-";"+";"-";"-";"+";"-";"-";"+";"-";"+";"-";"-";"+";"-";"+";"-";"-";"-"
"337";"récompense scolaire";"-";"-";"-";"+";"-";"-";"+";"-";"-";"+";"-";"+";"-";"-";"+";"-";"+";"-";"-";"-"
"338";"rendez-vous";"-";"-";"-";"+";"-";"-";"-";"-";"+";"+";"-";"+";"-";"+";"+";"-";"+";"-";"-";"-"
"339";"rendez-vous amoureux";"-";"-";"-";"+";"-";"-";"-";"-";"-";"+";"-";"+";"-";"+";"+";"-";"+";"-";"-";"-"
"340";"rendez-vous d'affaire";"-";"-";"-";"+";"-";"-";"-";"-";"-";"+";"-";"+";"-";"+";"+";"-";"+";"-";"-";"-"
"341";"rendez-vous d'amour";"-";"-";"-";"+";"-";"-";"-";"-";"-";"+";"-";"+";"-";"+";"+";"-";"+";"-";"-";"-"
"342";"rendez-vous galant";"-";"-";"-";"+";"-";"-";"-";"-";"-";"+";"-";"+";"-";"+";"+";"-";"+";"-";"-";"-"
"343";"rênes du pouvoir";"les";"-";"+";"+";"-";"-";"-";"-";"-";"-";"-";"+";"-";"-";"-";"-";"+";"-";"-";"-"
"344";"renseignement militaire";"-";"-";"-";"-";"-";"+";"-";"-";"-";"+";"-";"+";"-";"+";"-";"-";"+";"-";"-";"-"
"345";"rente viagère";"-";"-";"-";"+";"-";"-";"+";"-";"-";"+";"-";"+";"-";"-";"+";"-";"+";"-";"-";"+"
"346";"retraite complémentaire";"-";"-";"-";"+";"-";"-";"-";"-";"-";"+";"-";"+";"-";"-";"-";"-";"+";"-";"-";"+"
"347";"revers de main";"-";"-";"-";"-";"-";"-";"-";"+";"-";"+";"-";"+";"-";"-";"+";"-";"-";"-";"+";"-"
"348";"rosette d'off. de la L.d'h.";"la";"-";"-";"-";"-";"-";"+";"-";"-";"-";"-";"+";"-";"-";"-";"+";"+";"-";"-";"-"
"349";"sacrements de l'Eglise";"les";"-";"-";"+";"-";"-";"+";"-";"-";"-";"-";"+";"-";"-";"-";"-";"-";"-";"-";"-"
"350";"salaire de misère";"-";"-";"-";"+";"-";"-";"-";"-";"-";"+";"-";"+";"-";"-";"+";"-";"+";"-";"-";"+"
"351";"sauf-conduit";"-";"-";"-";"+";"-";"-";"+";"-";"-";"+";"-";"+";"-";"-";"+";"-";"+";"-";"-";"-"
"352";"secret militaire";"-";"-";"-";"-";"-";"-";"-";"-";"-";"+";"-";"+";"-";"-";"-";"-";"+";"-";"-";"-"
"353";"signal d'alarme";"-";"le";"-";"-";"-";"-";"-";"-";"-";"+";"-";"+";"-";"+";"+";"-";"-";"-";"-";"-"
"354";"signal de départ";"le";"-";"-";"-";"-";"-";"-";"-";"-";"-";"-";"+";"-";"-";"+";"-";"-";"-";"-";"-"
"355";"signe de vie";"-";"-";"-";"-";"-";"-";"-";"-";"-";"-";"-";"+";"-";"+";"-";"+";"-";"-";"-";"-"
"356";"smic";"le";"-";"+";"+";"-";"-";"-";"-";"-";"-";"-";"+";"-";"-";"-";"-";"+";"-";"-";"-"
"357";"smig";"le";"-";"+";"+";"-";"-";"-";"-";"-";"-";"-";"+";"-";"-";"-";"-";"+";"-";"-";"-"
"358";"soins chirurgicaux";"-";"-";"-";"-";"-";"-";"-";"-";"-";"-";"+";"+";"-";"-";"+";"-";"-";"-";"-";"-"
"359";"soins de beauté";"-";"-";"-";"-";"-";"-";"-";"-";"-";"-";"+";"+";"-";"-";"+";"-";"-";"-";"-";"-"
"360";"soins dentaires";"-";"-";"-";"-";"-";"-";"-";"-";"-";"-";"+";"+";"-";"-";"+";"-";"-";"-";"-";"-"
"361";"soins médicaux";"-";"-";"-";"-";"-";"-";"-";"-";"-";"-";"+";"+";"-";"-";"+";"-";"-";"-";"-";"-"
"362";"soupe d'onze heures";"-";"-";"-";"-";"-";"-";"-";"-";"+";"+";"-";"+";"+";"-";"-";"-";"-";"-";"-";"-"
"363";"soutien électoral";"-";"-";"-";"+";"-";"+";"-";"-";"-";"+";"-";"+";"-";"-";"+";"-";"+";"-";"-";"-"
"364";"soutien moral";"-";"-";"-";"+";"-";"+";"-";"-";"-";"+";"-";"+";"-";"-";"+";"-";"+";"-";"-";"-"
"365";"souveraineté territoriale";"-";"la";"-";"+";"-";"+";"+";"-";"-";"-";"-";"+";"-";"-";"-";"-";"+";"-";"-";"-"
"366";"supplément d'information";"-";"-";"+";"-";"-";"+";"-";"-";"-";"+";"-";"+";"-";"-";"+";"-";"+";"-";"-";"-"
"367";"sursis d'appel";"-";"-";"-";"+";"-";"-";"-";"-";"-";"+";"-";"+";"-";"-";"-";"-";"+";"-";"-";"-"
"368";"sursis d'incorporation";"-";"-";"-";"+";"-";"-";"-";"-";"-";"+";"-";"+";"-";"-";"-";"-";"+";"-";"-";"-"
"369";"témoignages de N";"-";"-";"-";"-";"-";"+";"-";"-";"-";"-";"+";"-";"+";"+";"+";"-";"-";"-";"-";"-"
"370";"temps de parole";"-";"-";"-";"+";"-";"-";"+";"-";"-";"-";"-";"+";"-";"+";"-";"+";"+";"-";"-";"-"
"371";"terme de grâce";"-";"-";"-";"+";"-";"-";"+";"-";"-";"+";"-";"+";"-";"-";"+";"-";"+";"-";"-";"-"
"372";"titre de noblesse";"-";"-";"-";"+";"-";"-";"+";"-";"-";"+";"-";"+";"-";"-";"-";"-";"+";"-";"-";"-"
"373";"titre de propriété";"-";"-";"-";"+";"-";"-";"+";"-";"-";"+";"-";"+";"-";"-";"-";"-";"+";"-";"-";"-"
"374";"titre héréditaire";"-";"-";"-";"+";"-";"-";"+";"-";"-";"+";"-";"+";"-";"-";"-";"-";"+";"-";"-";"-"
"375";"titre honorifique";"-";"-";"-";"+";"-";"-";"+";"-";"-";"+";"-";"+";"-";"-";"-";"-";"+";"-";"-";"-"
"376";"titre nobiliaire";"-";"-";"-";"+";"-";"-";"+";"-";"-";"+";"-";"+";"-";"-";"-";"-";"+";"-";"-";"-"
"377";"titre universitaire";"-";"-";"-";"+";"-";"-";"+";"-";"-";"+";"-";"+";"-";"-";"-";"-";"+";"-";"-";"-"
"378";"tour de clef";"-";"-";"-";"-";"-";"-";"-";"-";"-";"+";"-";"-";"+";"-";"+";"-";"-";"-";"-";"-"
"379";"visa de sortie";"-";"-";"-";"+";"-";"-";"+";"-";"-";"+";"-";"+";"-";"-";"+";"+";"+";"-";"-";"-"
"380";"visa d'entrée";"-";"-";"-";"+";"-";"-";"+";"-";"-";"+";"-";"+";"-";"-";"+";"+";"+";"-";"-";"-"
"381";"volée de bois vert";"-";"-";"-";"-";"-";"-";"-";"+";"-";"+";"-";"+";"-";"+";"+";"-";"-";"-";"+";"-"
"382";"volée de coups";"-";"-";"-";"-";"-";"-";"-";"+";"-";"+";"-";"+";"-";"+";"+";"-";"-";"-";"+";"-"
"383";"vote de confiance";"-";"-";"-";"+";"-";"+";"-";"-";"-";"+";"-";"+";"-";"-";"+";"-";"+";"-";"-";"-"
"384";"zéro de conduite";"-";"-";"-";"-";"-";"-";"-";"-";"-";"+";"-";"+";"-";"-";"+";"-";"+";"-";"-";"-"
"385";"zéro pointé";"-";"-";"-";"-";"-";"-";"-";"-";"-";"+";"-";"+";"-";"-";"+";"-";"+";"-";"-";"-"
