"<ID>";"N0 =: homme";"N0 =: femme";"<ENT>N";"Det pluriel obl";"Det =: Poss0";"Det =: un-Modif, faire = pratiquer";"A (Prép+E) B = B";"A (Prép+E) B = A";"N0 être Nagent";"élément dérivé";"suff-";"suff+";"verbe associé";"N0 jouer à Det N";"N0 jouer de Det N"
"1";"+";"+";"acoustique";"-";"-";"+";"-";"-";"+";"-";"que";"cien";"-";"-";"-"
"2";"+";"+";"aérobic";"-";"-";"+";"-";"-";"-";"-";"-";"-";"-";"-";"-"
"3";"+";"+";"aéromodélisme";"-";"-";"+";"-";"-";"+";"-";"me";"te";"-";"-";"-"
"4";"+";"+";"aéronautique";"-";"-";"+";"-";"-";"-";"-";"-";"-";"-";"-";"-"
"5";"+";"+";"aérostation";"-";"-";"+";"-";"-";"-";"-";"-";"-";"-";"-";"-"
"6";"+";"+";"aïki-budo";"-";"-";"+";"-";"-";"+";"-";"-";"ka";"-";"-";"-"
"7";"+";"+";"aïki-do";"-";"-";"+";"-";"-";"+";"-";"-";"ka";"-";"-";"-"
"8";"+";"+";"aïki-jitsu";"-";"-";"+";"-";"-";"-";"-";"-";"-";"-";"-";"-"
"9";"+";"+";"aïkibudo";"-";"-";"+";"-";"-";"+";"-";"-";"ka";"-";"-";"-"
"10";"+";"+";"aïkido";"-";"-";"+";"-";"-";"+";"-";"-";"ka";"-";"-";"-"
"11";"+";"+";"aïkido yoshinkan";"-";"-";"+";"-";"+";"+";"1";"-";"ka";"-";"-";"-"
"12";"+";"+";"alchimie";"-";"-";"+";"-";"-";"+";"-";"e";"ste";"-";"-";"-"
"13";"+";"+";"algèbre";"-";"-";"+";"-";"-";"+";"-";"e";"iste";"-";"-";"-"
"14";"+";"+";"allemand";"-";"-";"+";"-";"-";"+";"-";"-";"germaniste";"-";"-";"-"
"15";"+";"+";"alpinisme";"-";"-";"+";"-";"-";"+";"-";"me";"te";"-";"-";"-"
"16";"+";"+";"anglais";"-";"-";"+";"-";"-";"+";"-";"ais";"iciste";"-";"-";"-"
"17";"+";"+";"aquaplane";"-";"-";"+";"-";"-";"-";"-";"-";"-";"-";"-";"-"
"18";"+";"+";"architecture";"-";"-";"+";"-";"-";"+";"-";"ure";"e";"-";"-";"-"
"19";"+";"+";"arts appliqués";"+";"-";"+";"-";"-";"-";"-";"-";"-";"-";"-";"-"
"20";"+";"+";"arts martiaux";"+";"-";"+";"-";"-";"-";"-";"-";"-";"-";"-";"-"
"21";"+";"+";"astrologie";"-";"-";"+";"-";"-";"+";"-";"ie";"ue";"-";"-";"-"
"22";"+";"+";"astronomie";"-";"-";"+";"-";"-";"+";"-";"ie";"e";"-";"-";"-"
"23";"+";"+";"athlétisme";"-";"-";"+";"-";"-";"+";"-";"étisme";"ète";"-";"-";"-"
"24";"+";"+";"athlétisme en salle";"-";"-";"+";"-";"+";"+";"1";"étisme";"ète";"-";"-";"-"
"25";"+";"+";"auto-cross";"-";"-";"+";"-";"-";"-";"-";"-";"-";"-";"-";"-"
"26";"+";"+";"bhakti-yoga";"-";"-";"+";"-";"-";"+";"2";"a";"i";"-";"-";"-"
"27";"+";"+";"bhaktiyoga";"-";"-";"+";"-";"-";"+";"-";"-";"-";"-";"-";"-"
"28";"+";"-";"balai-ballon sur glace";"-";"-";"+";"-";"-";"-";"-";"-";"-";"-";"-";"-"
"29";"+";"+";"ball-trap";"-";"-";"+";"-";"-";"-";"-";"-";"-";"-";"-";"-"
"30";"+";"+";"balle au mur";"-";"-";"+";"-";"-";"-";"-";"-";"-";"-";"-";"-"
"31";"+";"+";"balle au tambourin";"-";"-";"+";"-";"-";"-";"-";"-";"-";"-";"+";"-"
"32";"+";"+";"balle-molle";"-";"-";"+";"-";"-";"-";"-";"-";"-";"-";"-";"-"
"33";"+";"+";"ballon au poing";"-";"-";"+";"-";"-";"+";"1";"-";"niste";"-";"-";"-"
"34";"+";"+";"ballon libre";"-";"-";"+";"-";"-";"+";"1";"-";"niste";"-";"-";"-"
"35";"+";"+";"ballon sous-marin";"-";"-";"+";"-";"-";"-";"-";"-";"-";"-";"-";"-"
"36";"+";"+";"bare-foot";"-";"-";"+";"-";"-";"+";"2";"-";"eur";"-";"-";"-"
"37";"+";"+";"barefoot";"-";"-";"+";"-";"-";"+";"-";"-";"-";"-";"-";"-"
"38";"+";"+";"batto-jutsu";"-";"-";"+";"-";"-";"-";"-";"-";"-";"-";"-";"-"
"39";"+";"+";"bench-rest";"-";"-";"+";"-";"-";"-";"-";"-";"-";"-";"-";"-"
"40";"+";"+";"biochimie";"-";"-";"+";"-";"-";"+";"-";"e";"ste";"-";"-";"-"
"41";"+";"+";"biologie";"-";"-";"+";"-";"-";"+";"-";"e";"ste";"-";"-";"-"
"42";"+";"+";"biologie appliquée";"-";"-";"+";"-";"+";"+";"1";"e";"ste";"-";"-";"-"
"43";"+";"+";"blues";"-";"-";"+";"-";"-";"-";"-";"-";"-";"-";"-";"-"
"44";"+";"+";"bo-do";"-";"-";"+";"-";"-";"+";"-";"-";"ka";"-";"-";"-"
"45";"+";"-";"bob à deux";"-";"-";"+";"-";"+";"+";"1";"-";"beur";"-";"-";"-"
"46";"+";"-";"bob à quatre";"-";"-";"+";"-";"+";"+";"1";"-";"beur";"-";"-";"-"
"47";"+";"-";"bobsleigh à deux";"-";"-";"+";"-";"+";"+";"1";"sleigh";"beur";"-";"-";"-"
"48";"+";"-";"bobsleigh à quatre";"-";"-";"+";"-";"+";"+";"1";"sleigh";"beur";"-";"-";"-"
"49";"+";"+";"body-building";"-";"-";"+";"-";"-";"-";"-";"-";"-";"-";"-";"-"
"50";"+";"+";"body-surf";"-";"-";"+";"-";"-";"-";"-";"-";"-";"-";"-";"-"
"51";"+";"+";"body-surfing";"-";"-";"+";"-";"-";"-";"-";"-";"-";"-";"-";"-"
"52";"+";"+";"bodysurf";"-";"-";"+";"-";"-";"-";"-";"-";"-";"-";"-";"-"
"53";"+";"+";"bodysurfing";"-";"-";"+";"-";"-";"-";"-";"-";"-";"-";"-";"-"
"54";"+";"+";"botanique";"-";"-";"+";"-";"-";"ste";"-";"que";"ste";"-";"-";"-"
"55";"+";"+";"boule de fort";"-";"-";"+";"-";"-";"-";"-";"-";"-";"-";"-";"-"
"56";"+";"+";"boulingrin";"-";"-";"+";"-";"-";"-";"-";"-";"-";"-";"+";"-"
"57";"+";"-";"boxe";"-";"-";"+";"-";"-";"+";"-";"-";"ur";"+";"-";"-"
"58";"+";"-";"boxe américaine";"-";"-";"+";"-";"+";"+";"1";"-";"ur";"+";"-";"-"
"59";"+";"-";"boxe anglaise";"-";"-";"+";"-";"+";"+";"1";"-";"ur";"+";"-";"-"
"60";"+";"-";"boxe arabe";"-";"-";"+";"-";"+";"+";"1";"-";"ur";"+";"-";"-"
"61";"+";"-";"boxe chinoise";"-";"-";"+";"-";"+";"+";"1";"-";"ur";"+";"-";"-"
"62";"+";"+";"boxe française";"-";"-";"+";"-";"+";"+";"1";"-";"ur";"+";"-";"-"
"63";"+";"-";"boxe lacrosse";"-";"-";"+";"+";"+";"+";"1";"-";"ur";"+";"-";"-"
"64";"+";"-";"boxe thaï";"-";"-";"+";"-";"+";"+";"1";"-";"ur";"+";"-";"-"
"65";"+";"-";"boxe thaïlandaise";"-";"-";"+";"-";"+";"+";"1";"-";"ur";"+";"-";"-"
"66";"+";"+";"brasse";"-";"-";"+";"-";"-";"-";"-";"-";"-";"-";"-";"-"
"67";"+";"+";"brasse coulée";"-";"-";"+";"-";"+";"-";"-";"-";"-";"-";"-";"-"
"68";"+";"+";"budo";"-";"-";"+";"-";"-";"+";"-";"-";"ka";"-";"-";"-"
"69";"+";"-";"caber";"-";"-";"+";"-";"-";"-";"-";"-";"-";"-";"-";"-"
"70";"+";"+";"canne et béton";"-";"-";"+";"-";"-";"-";"-";"-";"-";"-";"-";"-"
"71";"+";"+";"canoë-bi";"-";"-";"+";"-";"+";"+";"1";"ë";"éiste";"-";"-";"-"
"72";"+";"+";"canoë bi-place";"-";"-";"+";"-";"+";"+";"1";"ë";"éiste";"-";"-";"-"
"73";"+";"+";"canoë biplace";"-";"-";"+";"-";"+";"+";"1";"ë";"éiste";"-";"-";"-"
"74";"+";"+";"canoë-kayac";"-";"-";"+";"-";"+";"+";"1";"ë";"éiste";"-";"-";"-"
"75";"+";"+";"canoë-kayak";"-";"-";"+";"-";"+";"+";"1";"ë";"éiste";"-";"-";"-"
"76";"+";"+";"canoë-kayac";"-";"-";"+";"-";"+";"+";"2";"c";"kiste";"-";"-";"-"
"77";"+";"+";"canoë-kayak";"-";"-";"+";"-";"+";"+";"2";"-";"iste";"-";"-";"-"
"78";"+";"+";"canoë-kayac de course";"-";"-";"+";"-";"-";"+";"1";"ë";"éiste";"-";"-";"-"
"79";"+";"+";"canoë-kayak de course";"-";"-";"+";"-";"-";"+";"1";"ë";"éiste";"-";"-";"-"
"80";"+";"+";"canoé-kayac de course";"-";"-";"+";"-";"-";"+";"2";"c";"kiste";"-";"-";"-"
"81";"+";"+";"canoë-kayak de course";"-";"-";"+";"-";"-";"+";"2";"-";"iste";"-";"-";"-"
"82";"+";"+";"canoë-kayac de course en ligne";"-";"-";"+";"-";"-";"+";"1";"ë";"éiste";"-";"-";"-"
"83";"+";"+";"canoë-kayak de course en ligne";"-";"-";"+";"-";"-";"+";"1";"ë";"éiste";"-";"-";"-"
"84";"+";"+";"canoë-kayac de course en ligne";"-";"-";"+";"-";"-";"+";"2";"c";"kiste";"-";"-";"-"
"85";"+";"+";"canoë-kayak de course en ligne";"-";"-";"+";"-";"-";"+";"2";"-";"iste";"-";"-";"-"
"86";"+";"+";"canoë-kayac de course en rivière";"-";"-";"+";"-";"-";"+";"1";"ë";"éiste";"-";"-";"-"
"87";"+";"+";"canoë-kayak de course en rivière";"-";"-";"+";"-";"-";"+";"1";"ë";"éiste";"-";"-";"-"
"88";"+";"+";"canoë-kayac de course en rivière";"-";"-";"+";"-";"-";"+";"2";"c";"kiste";"-";"-";"-"
"89";"+";"+";"canoë-kayak de course en rivière";"-";"-";"+";"-";"-";"+";"2";"-";"iste";"-";"-";"-"
"90";"+";"+";"canoë-kayac de slalom";"-";"-";"+";"-";"-";"+";"1";"ë";"éiste";"-";"-";"-"
"91";"+";"+";"canoë-kayak de slalom";"-";"-";"+";"-";"-";"+";"1";"ë";"éiste";"-";"-";"-"
"92";"+";"+";"canoë-kayac de slalom";"-";"-";"+";"-";"-";"+";"2";"c";"kiste";"-";"-";"-"
"93";"+";"+";"canoë-kayak de slalom";"-";"-";"+";"-";"-";"+";"2";"-";"iste";"-";"-";"-"
"94";"+";"+";"canoë-kayac en eaux vives";"-";"-";"+";"-";"-";"+";"1";"ë";"éiste";"-";"-";"-"
"95";"+";"+";"canoë-kayak en eaux vives";"-";"-";"+";"-";"-";"+";"1";"ë";"éiste";"-";"-";"-"
"96";"+";"+";"canoë-kayac en eaux vives";"-";"-";"+";"-";"-";"+";"2";"c";"kiste";"-";"-";"-"
"97";"+";"+";"canoë-kayak en eaux vives";"-";"-";"+";"-";"-";"+";"2";"-";"iste";"-";"-";"-"
"98";"+";"+";"canoë-mono";"-";"-";"+";"-";"+";"+";"1";"ë";"éiste";"-";"-";"-"
"99";"+";"+";"canotage";"-";"-";"+";"-";"-";"-";"-";"-";"-";"-";"-";"-"
"100";"+";"+";"capoeira";"-";"-";"+";"-";"-";"+";"-";"a";"iste";"-";"-";"-"
"101";"+";"-";"castlng";"-";"-";"+";"-";"-";"-";"-";"-";"-";"-";"-";"-"
"102";"+";"-";"catch à quatre";"-";"-";"+";"-";"+";"+";"1";"-";"eur";"-";"-";"-"
"103";"-";"+";"catch féminin";"-";"-";"+";"-";"+";"+";"1";"-";"euse";"-";"-";"-"
"104";"+";"+";"catéchisme";"-";"-";"+";"-";"-";"-";"-";"-";"-";"-";"-";"-"
"105";"+";"+";"cesta-punta";"-";"-";"+";"-";"-";"-";"-";"-";"-";"-";"-";"-"
"106";"+";"+";"chameau";"-";"-";"-";"-";"-";"-";"-";"-";"-";"-";"-";"-"
"107";"+";"+";"chant";"-";"-";"+";"-";"-";"+";"-";"-";"eur";"+";"-";"-"
"108";"+";"+";"char à voile sur glace";"-";"-";"+";"-";"-";"-";"-";"-";"-";"-";"-";"-"
"109";"+";"+";"char à voile sur sable";"-";"-";"+";"-";"-";"-";"-";"-";"-";"-";"-";"-"
"110";"+";"+";"chasse sous-marine";"-";"-";"+";"-";"+";"+";"1";"-";"ur";"-";"-";"-"
"111";"+";"+";"cheval";"-";"-";"-";"-";"-";"+";"-";"-";"cavalier";"-";"-";"-"
"112";"+";"-";"cheval d'arçons";"-";"-";"+";"-";"-";"-";"-";"-";"-";"-";"-";"-"
"113";"+";"+";"cheval de saut";"-";"-";"+";"+";"-";"+";"2";"-";"eur";"-";"-";"-"
"114";"-";"+";"cheval de saut en largeur";"-";"-";"+";"-";"-";"+";"2";"-";"eur";"-";"-";"-"
"115";"+";"+";"chimie";"-";"-";"+";"-";"-";"+";"-";"e";"ste";"-";"-";"-"
"116";"+";"+";"chimie-physique";"-";"-";"+";"+";"+";"+";"1";"e";"ste";"-";"-";"-"
"117";"+";"+";"chistera";"-";"-";"+";"-";"-";"-";"-";"-";"-";"-";"-";"-"
"118";"+";"+";"chute libre";"-";"-";"+";"-";"-";"-";"-";"-";"-";"-";"-";"-"
"119";"+";"+";"cinéma";"-";"-";"+";"-";"-";"+";"-";"ma";"aste";"-";"+";"-"
"120";"+";"+";"cirque-loisir";"-";"-";"+";"-";"-";"-";"-";"-";"-";"-";"-";"-"
"121";"+";"+";"claquettes";"+";"-";"+";"-";"-";"-";"-";"-";"-";"-";"-";"+"
"122";"+";"+";"classique";"-";"-";"+";"-";"-";"-";"-";"-";"-";"-";"-";"+"
"123";"+";"+";"close combat";"-";"-";"+";"-";"-";"-";"-";"-";"-";"-";"-";"-"
"124";"+";"+";"combat aux pieds";"-";"-";"+";"-";"-";"-";"-";"-";"-";"-";"-";"-"
"125";"+";"+";"combat à mains nues";"-";"-";"+";"-";"-";"-";"-";"-";"-";"-";"-";"-"
"126";"+";"+";"combiné nordique";"-";"-";"+";"-";"-";"-";"-";"-";"-";"-";"-";"-"
"127";"+";"+";"comique";"-";"-";"+";"-";"-";"+";"-";"-";"+";"-";"-";"-"
"128";"+";"+";"courte paume";"-";"-";"+";"+";"-";"-";"-";"-";"-";"-";"-";"-"
"129";"+";"+";"crawl";"-";"-";"+";"-";"-";"+";"-";"-";"eur";"-";"-";"-"
"130";"+";"-";"crosse";"-";"-";"+";"-";"-";"-";"-";"-";"-";"-";"-";"-"
"131";"+";"+";"crosse intérieure";"-";"-";"+";"-";"-";"-";"-";"-";"-";"-";"-";"-"
"132";"+";"+";"cubisme";"-";"-";"+";"-";"-";"+";"-";"me";"te";"-";"-";"-"
"133";"+";"+";"culturisme";"-";"-";"+";"-";"-";"+";"-";"me";"te";"-";"-";"-"
"134";"+";"+";"curling";"-";"-";"+";"-";"-";"+";"-";"ing";"eur";"-";"-";"-"
"135";"+";"+";"curling allemand";"-";"-";"+";"-";"+";"+";"1";"ing";"eur";"-";"-";"-"
"136";"+";"+";"cyclisme";"-";"-";"+";"-";"-";"+";"-";"me";"te";"-";"-";"-"
"137";"+";"+";"cyclisme artistique";"-";"-";"+";"-";"+";"+";"1";"me";"te";"-";"-";"-"
"138";"+";"+";"cyclisme sur piste";"-";"-";"+";"-";"+";"+";"1";"me";"te";"-";"-";"-"
"139";"+";"+";"cyclisme sur route";"-";"-";"+";"-";"+";"+";"1";"me";"te";"-";"-";"-"
"140";"+";"+";"cyclo-tourisme";"-";"-";"+";"-";"-";"+";"1";"me";"te";"-";"-";"-"
"141";"+";"+";"cyclotourisme";"-";"-";"+";"-";"-";"+";"1";"me";"te";"-";"-";"-"
"142";"+";"+";"dactylo";"-";"-";"+";"-";"-";"+";"-";"-";"+";"+";"-";"-"
"143";"+";"+";"dactylographie";"-";"-";"+";"-";"-";"+";"-";"ie";"e";"+";"-";"-"
"144";"+";"+";"dada";"-";"-";"+";"-";"-";"-";"-";"-";"-";"-";"-";"-"
"145";"+";"+";"deux de couple";"-";"-";"+";"-";"-";"-";"-";"-";"-";"-";"-";"-"
"146";"+";"+";"deux de pointe";"-";"-";"+";"-";"-";"-";"-";"-";"-";"-";"-";"-"
"147";"+";"-";"deux de pointe avec barreur";"-";"-";"+";"-";"-";"-";"-";"-";"-";"-";"-";"-"
"148";"+";"-";"deux de pointe sans barreur";"-";"-";"+";"-";"-";"-";"-";"-";"-";"-";"-";"-"
"149";"-";"+";"deux de pointe sans barreuse";"-";"-";"+";"-";"-";"-";"-";"-";"-";"-";"-";"-"
"150";"+";"+";"démographie";"-";"-";"+";"-";"-";"+";"-";"ie";"e";"-";"-";"-"
"151";"+";"+";"dirt-track";"-";"-";"+";"-";"-";"-";"-";"-";"-";"-";"-";"-"
"152";"+";"+";"dos";"-";"-";"+";"-";"-";"-";"-";"-";"-";"-";"-";"-"
"153";"+";"+";"double mini-trampoline";"-";"-";"+";"-";"-";"-";"-";"-";"-";"-";"-";"-"
"154";"+";"+";"double sail";"-";"-";"+";"-";"-";"-";"-";"-";"-";"-";"-";"-"
"155";"+";"+";"double scull";"-";"-";"+";"+";"-";"-";"-";"-";"-";"-";"-";"-"
"156";"+";"+";"dressage";"-";"-";"+";"-";"-";"+";"-";"age";"eur";"-";"-";"-"
"157";"+";"+";"droit";"-";"+";"+";"-";"-";"-";"-";"-";"-";"-";"-";"-"
"158";"+";"+";"droit commercial";"-";"-";"+";"-";"+";"-";"-";"-";"-";"-";"-";"-"
"159";"+";"+";"droit constitutionnel";"-";"-";"+";"-";"+";"-";"-";"-";"-";"-";"-";"-"
"160";"+";"+";"droit international";"-";"-";"+";"-";"+";"-";"-";"-";"-";"-";"-";"-"
"161";"+";"+";"droit pénal";"-";"-";"+";"-";"+";"-";"-";"-";"-";"-";"-";"-"
"162";"+";"+";"dromadaire";"-";"-";"+";"-";"-";"-";"-";"-";"-";"-";"-";"-"
"163";"+";"+";"dumping";"-";"-";"+";"-";"-";"-";"-";"-";"-";"-";"-";"-"
"164";"+";"+";"dumpling";"-";"-";"+";"-";"-";"-";"-";"-";"-";"-";"-";"-"
"165";"+";"+";"écologie";"-";"-";"+";"-";"-";"+";"-";"e";"ste";"-";"-";"-"
"166";"+";"+";"économie";"-";"-";"+";"-";"-";"+";"-";"e";"ste";"-";"-";"-"
"167";"+";"+";"éducation";"-";"-";"+";"-";"-";"+";"-";"ion";"eur";"+";"-";"-"
"168";"+";"+";"éducation artistique";"-";"-";"+";"-";"+";"+";"1";"ion";"eur";"+";"-";"-"
"169";"+";"+";"éducation civique";"-";"-";"+";"-";"+";"+";"1";"ion";"eur";"+";"-";"-"
"170";"+";"+";"éducation économique et sociale";"-";"-";"+";"-";"-";"+";"1";"ion";"eur";"+";"-";"-"
"171";"+";"+";"éducation manuelle et technique";"-";"-";"+";"-";"-";"+";"1";"ion";"eur";"+";"-";"-"
"172";"+";"+";"éducation physique et sportive";"-";"-";"+";"-";"-";"+";"1";"ion";"eur";"+";"-";"-"
"173";"+";"+";"éducation physique";"-";"-";"+";"-";"-";"+";"1";"ion";"eur";"+";"-";"-"
"174";"+";"-";"eisschiessen";"-";"-";"+";"-";"-";"-";"-";"-";"-";"-";"-";"-"
"175";"+";"+";"électronique";"-";"-";"+";"-";"-";"-";"-";"-";"-";"-";"-";"-"
"176";"+";"+";"endurance";"-";"-";"+";"-";"-";"-";"-";"-";"-";"-";"-";"-"
"177";"+";"+";"enduro";"-";"-";"+";"-";"-";"-";"-";"-";"-";"-";"-";"-"
"178";"+";"+";"enseignement";"-";"-";"+";"-";"-";"+";"-";"ement";"ant";"+";"-";"-"
"179";"+";"+";"épistémologie";"-";"-";"+";"-";"-";"+";"-";"ie";"ue";"-";"-";"-"
"180";"+";"+";"équitation";"-";"-";"+";"-";"-";"-";"-";"-";"-";"-";"-";"-"
"181";"+";"+";"escrime";"-";"-";"+";"-";"-";"+";"-";"-";"ur";"-";"-";"-"
"182";"+";"+";"espagnol";"-";"-";"+";"-";"-";"+";"-";"-";"hispaniste";"-";"-";"-"
"183";"+";"+";"fauvisme";"-";"-";"+";"-";"-";"+";"-";"me";"te";"-";"-";"-"
"184";"+";"+";"folk";"-";"-";"+";"-";"-";"-";"-";"-";"-";"-";"-";"+"
"185";"+";"+";"fond";"-";"-";"+";"-";"-";"+";"-";"-";"eur";"-";"-";"-"
"186";"+";"-";"formule de production";"-";"-";"+";"-";"-";"-";"-";"-";"-";"-";"-";"-"
"187";"+";"-";"formule de promotion";"-";"-";"+";"-";"-";"-";"-";"-";"-";"-";"-";"-"
"188";"+";"-";"formule Fiat";"-";"-";"+";"-";"-";"-";"-";"-";"-";"-";"-";"-"
"189";"+";"-";"formule Ford";"-";"-";"+";"-";"-";"-";"-";"-";"-";"-";"-";"-"
"190";"+";"-";"formule Renault";"-";"-";"+";"-";"-";"-";"-";"-";"-";"-";"-";"-"
"191";"+";"-";"formule Vé";"-";"-";"+";"-";"-";"-";"-";"-";"-";"-";"-";"-"
"192";"+";"+";"français";"-";"-";"+";"-";"-";"-";"-";"-";"-";"-";"-";"-"
"193";"+";"+";"free-jazz";"-";"-";"+";"+";"-";"+";"2";"-";"man";"-";"-";"+"
"194";"+";"+";"free-style";"-";"-";"+";"-";"-";"-";"-";"-";"-";"-";"-";"-"
"195";"+";"+";"free-style en kayac";"-";"-";"+";"-";"-";"+";"3";"c";"kiste";"-";"-";"-"
"196";"+";"+";"free-style en kayak";"-";"-";"+";"-";"-";"+";"3";"-";"iste";"-";"-";"-"
"197";"+";"+";"free-style";"-";"-";"+";"-";"-";"-";"-";"-";"-";"-";"-";"-"
"198";"+";"+";"freestyle en kayak";"-";"-";"+";"-";"-";"+";"3";"-";"iste";"-";"-";"-"
"199";"+";"-";"full-contact";"-";"-";"+";"-";"-";"-";"-";"-";"-";"-";"-";"-"
"200";"+";"+";"fun-board";"-";"-";"+";"-";"-";"-";"-";"-";"-";"-";"-";"-"
"201";"+";"+";"funboard";"-";"-";"+";"-";"-";"-";"-";"-";"-";"-";"-";"-"
"202";"+";"+";"gestion";"-";"-";"+";"-";"-";"+";"-";"-";"naire";"-";"-";"-"
"203";"+";"+";"généalogie";"-";"-";"+";"-";"-";"+";"-";"e";"ste";"-";"-";"-"
"204";"+";"+";"génétique";"-";"-";"+";"-";"-";"+";"-";"que";"cien";"-";"-";"-"
"205";"+";"+";"géo-politique";"-";"-";"+";"-";"-";"-";"-";"-";"-";"-";"-";"-"
"206";"+";"+";"géographie";"-";"-";"+";"-";"-";"+";"-";"ie";"e";"-";"-";"-"
"207";"+";"+";"géographie physique";"-";"-";"+";"-";"+";"+";"1";"ie";"e";"-";"-";"-"
"208";"+";"+";"géographie politique";"-";"-";"+";"-";"+";"+";"1";"ie";"e";"-";"-";"-"
"209";"+";"+";"géologie";"-";"-";"+";"-";"-";"+";"-";"ie";"ue";"-";"-";"-"
"210";"+";"+";"géométrie";"-";"-";"+";"-";"-";"-";"-";"-";"-";"-";"-";"-"
"211";"+";"+";"gouren";"-";"-";"+";"-";"-";"-";"-";"-";"-";"-";"-";"-"
"212";"+";"+";"graphologie";"-";"-";"+";"-";"-";"+";"-";"ie";"ue";"-";"-";"-"
"213";"+";"+";"grass-track";"-";"-";"+";"-";"-";"-";"-";"-";"-";"-";"-";"-"
"214";"+";"+";"grec";"-";"-";"+";"-";"-";"+";"-";"grec";"helléniste";"-";"-";"-"
"215";"+";"+";"grec ancien";"-";"-";"+";"-";"+";"+";"1";"grec";"helléniste";"-";"-";"-"
"216";"+";"+";"grec moderne";"-";"-";"+";"-";"+";"+";"1";"grec";"helléniste";"-";"-";"-"
"217";"+";"-";"gréco-romaine";"-";"-";"+";"-";"-";"-";"-";"-";"-";"-";"-";"-"
"218";"-";"+";"grs";"-";"-";"+";"-";"-";"-";"-";"-";"-";"-";"-";"-"
"219";"+";"+";"gures";"-";"-";"+";"-";"-";"-";"-";"-";"-";"-";"-";"-"
"220";"+";"+";"gym";"-";"-";"+";"-";"-";"+";"-";"-";"naste";"-";"-";"-"
"221";"+";"+";"gym artistique";"-";"-";"+";"-";"+";"+";"1";"-";"naste";"-";"-";"-"
"222";"+";"+";"gym d'entretien";"-";"-";"+";"-";"+";"+";"1";"-";"naste";"-";"-";"-"
"223";"+";"+";"gym de maintien";"-";"-";"+";"-";"+";"+";"1";"-";"naste";"-";"-";"-"
"224";"+";"+";"gym douce";"-";"-";"+";"-";"+";"+";"1";"-";"naste";"-";"-";"-"
"225";"-";"+";"gym rythmique";"-";"-";"+";"-";"+";"+";"1";"-";"naste";"-";"-";"-"
"226";"-";"+";"gym rythmique et sportive";"-";"-";"+";"-";"-";"+";"1";"-";"naste";"-";"-";"-"
"227";"+";"+";"gym sportive";"-";"-";"+";"-";"+";"+";"1";"-";"naste";"-";"-";"-"
"228";"+";"+";"gym suédoise";"-";"-";"+";"-";"+";"+";"1";"-";"naste";"-";"-";"-"
"229";"+";"+";"gymnastique";"-";"-";"+";"-";"-";"+";"-";"ique";"e";"-";"-";"-"
"230";"+";"+";"gymnastique artistique";"-";"-";"+";"-";"+";"+";"1";"ique";"e";"-";"-";"-"
"231";"+";"+";"gymnastique d'entretien";"•";"-";"+";"-";"+";"+";"1";"ique";"e";"-";"-";"-"
"232";"+";"+";"gymnastique de maintien";"-";"-";"+";"-";"+";"+";"1";"ique";"e";"-";"-";"-"
"233";"+";"+";"gymnastique douce";"-";"-";"+";"-";"+";"+";"1";"ique";"e";"-";"-";"-"
"234";"-";"+";"gymnastique rythmique";"-";"-";"+";"-";"+";"+";"1";"ique";"e";"-";"-";"-"
"235";"-";"+";"gymnastique rythmique et sportive";"-";"-";"+";"-";"-";"+";"1";"ique";"e";"-";"-";"-"
"236";"+";"+";"gymnastique sportive";"-";"-";"+";"-";"+";"+";"1";"ique";"e";"-";"-";"-"
"237";"+";"+";"gymnastique suédoise";"-";"-";"+";"-";"+";"+";"1";"ique";"e";"-";"-";"-"
"238";"+";"+";"gynécologie";"-";"-";"+";"-";"-";"+";"-";"ie";"ue";"-";"-";"-"
"239";"+";"+";"hakko-ryu";"-";"-";"+";"-";"-";"-";"-";"-";"-";"-";"-";"-"
"240";"+";"+";"hakko-ryu-ju-jutsu";"-";"-";"+";"-";"-";"-";"-";"-";"-";"-";"-";"-"
"241";"+";"+";"half-court";"-";"-";"+";"-";"-";"-";"-";"-";"-";"-";"-";"-"
"242";"+";"+";"halfcourt";"-";"-";"+";"-";"-";"-";"-";"-";"-";"-";"-";"-"
"243";"+";"-";"haltérophilie";"-";"-";"+";"-";"-";"+";"-";"ie";"e";"-";"-";"-"
"244";"+";"+";"hapkido";"-";"-";"+";"-";"-";"-";"-";"-";"-";"-";"-";"-"
"245";"+";"+";"harmonie";"-";"-";"+";"-";"-";"-";"-";"-";"-";"-";"-";"-"
"246";"+";"+";"hatha-yoga";"-";"-";"+";"-";"-";"+";"2";"a";"i";"-";"-";"-"
"247";"+";"+";"hathayoga";"-";"-";"+";"-";"-";"+";"-";"-";"-";"-";"-";"-"
"248";"+";"+";"haut-vol";"-";"-";"+";"-";"-";"-";"-";"-";"-";"-";"-";"-"
"249";"+";"+";"haute-couture";"-";"-";"+";"-";"-";"+";"2";"e";"ier";"-";"-";"-"
"250";"+";"+";"hippisme";"-";"-";"+";"-";"-";"-";"-";"-";"-";"-";"-";"-"
"251";"+";"+";"histoire";"-";"-";"+";"-";"-";"+";"-";"e";"ien";"-";"-";"-"
"252";"+";"+";"ho-jutsu";"-";"-";"+";"-";"-";"-";"-";"-";"-";"-";"-";"-"
"253";"+";"+";"hogu-jutsu";"-";"-";"+";"-";"-";"-";"-";"-";"-";"-";"-";"-"
"254";"+";"+";"hornuss";"-";"-";"+";"-";"-";"-";"-";"-";"-";"-";"-";"-"
"255";"+";"+";"hot-dog";"-";"-";"+";"-";"-";"-";"-";"-";"-";"-";"-";"-"
"256";"+";"+";"huit de pointe";"-";"-";"+";"-";"-";"-";"-";"-";"-";"-";"-";"-"
"257";"+";"+";"huit de pointe avec barreur";"-";"-";"+";"-";"-";"-";"-";"-";"-";"-";"-";"-"
"258";"+";"+";"huit de pointe avec barreuse";"-";"-";"+";"-";"-";"-";"-";"-";"-";"-";"-";"-"
"259";"+";"+";"huit de pointe sans barreur";"-";"-";"+";"-";"-";"-";"-";"-";"-";"-";"-";"-"
"260";"+";"-";"hurling";"-";"-";"+";"-";"-";"-";"-";"-";"-";"-";"-";"-"
"261";"+";"-";"hwa-rang-do";"-";"-";"+";"-";"-";"-";"-";"-";"-";"-";"-";"-"
"262";"+";"-";"hwarang-do";"-";"-";"+";"-";"-";"-";"-";"-";"-";"-";"-";"-"
"263";"+";"-";"hwarangdo";"-";"-";"+";"-";"-";"-";"-";"-";"-";"-";"-";"-"
"264";"+";"+";"iaï";"-";"-";"+";"-";"-";"-";"-";"-";"-";"-";"-";"-"
"265";"+";"+";"iaï-do";"-";"-";"+";"-";"-";"+";"2";"-";"ka";"-";"-";"-"
"266";"+";"+";"iaïdo";"-";"-";"+";"-";"-";"+";"-";"-";"ka";"-";"-";"-"
"267";"+";"+";"impressionnisme";"-";"-";"+";"-";"-";"+";"-";"me";"te";"-";"-";"-"
"268";"+";"+";"informatique";"-";"-";"+";"-";"-";"+";"-";"que";"cien";"-";"-";"-"
"269";"+";"+";"italien";"-";"-";"+";"-";"-";"+";"-";"en";"aniste";"-";"-";"-"
"270";"+";"+";"jazz";"-";"-";"+";"-";"-";"+";"-";"-";"man";"-";"-";"-"
"271";"+";"+";"jazz-rock";"-";"-";"+";"+";"+";"+";"-";"-";"man";"-";"-";"-"
"272";"+";"-";"jeu à treize";"-";"-";"+";"-";"-";"+";"2";"e";"iste";"-";"-";"-"
"273";"+";"+";"jeu de paume";"-";"-";"+";"+";"-";"-";"-";"-";"-";"-";"-";"-"
"274";"+";"+";"jeu de paume au tambourin";"-";"-";"+";"-";"-";"-";"-";"-";"-";"-";"-";"-"
"275";"+";"+";"jeu de paume à paume courte";"-";"-";"+";"-";"-";"-";"-";"-";"-";"-";"-";"-"
"276";"+";"+";"jeu de paume à paume longue";"-";"-";"+";"-";"-";"-";"-";"-";"-";"-";"-";"-"
"277";"+";"+";"jeu provençal";"-";"-";"+";"-";"-";"-";"-";"-";"-";"-";"-";"-"
"278";"+";"+";"jian-shu";"-";"-";"+";"-";"-";"-";"-";"-";"-";"-";"-";"-"
"279";"+";"+";"jianshu";"-";"-";"+";"-";"-";"-";"-";"-";"-";"-";"-";"-"
"280";"+";"+";"jiu-jitsu";"-";"-";"+";"-";"-";"-";"-";"-";"-";"-";"-";"-"
"281";"+";"+";"jnâna-yoga";"-";"-";"+";"-";"-";"+";"2";"a";"i";"-";"-";"-"
"282";"+";"+";"jo-do";"-";"-";"+";"-";"-";"+";"2";"-";"ka";"-";"-";"-"
"283";"+";"+";"jodo";"-";"-";"+";"-";"-";"+";"-";"-";"ka";"-";"-";"-"
"284";"+";"+";"ju-jitsu";"-";"-";"+";"-";"-";"-";"-";"-";"-";"-";"-";"-"
"285";"+";"+";"judo";"-";"-";"+";"-";"-";"+";"-";"-";"ka";"-";"-";"-"
"286";"+";"+";"judo ju-jitsu";"-";"-";"+";"-";"-";"+";"1";"-";"ka";"-";"-";"-"
"287";"+";"+";"jumping";"-";"-";"+";"-";"-";"-";"-";"-";"-";"-";"-";"-"
"288";"+";"+";"kaji";"-";"-";"+";"-";"-";"-";"-";"-";"-";"-";"-";"-"
"289";"+";"+";"kama";"-";"-";"+";"-";"-";"-";"-";"-";"-";"-";"-";"-"
"290";"+";"+";"karaté";"-";"-";"+";"-";"-";"+";"-";"-";"ka";"-";"-";"-"
"291";"+";"+";"karaté d'okinawa";"-";"-";"+";"-";"+";"+";"1";"-";"ka";"-";"-";"-"
"292";"+";"+";"karaté-do";"-";"-";"+";"-";"+";"+";"1";"-";"ka";"-";"-";"-"
"293";"+";"+";"karaté-kyokushinkai";"-";"-";"+";"-";"+";"+";"1";"-";"ka";"-";"-";"-"
"294";"+";"+";"karma-yoga";"-";"-";"+";"+";"-";"+";"2";"a";"i";"-";"-";"-"
"295";"+";"+";"kata";"-";"-";"+";"-";"-";"-";"-";"-";"-";"-";"-";"-"
"296";"+";"+";"kayac à deux";"-";"-";"+";"-";"+";"+";"1";"c";"kiste";"-";"-";"-"
"297";"+";"+";"kayac à trois";"-";"-";"+";"-";"+";"+";"1";"c";"kiste";"-";"-";"-"
"298";"+";"+";"kayac de slalom";"-";"-";"+";"-";"+";"+";"1";"c";"kiste";"-";"-";"-"
"299";"+";"+";"kayac-extrême";"-";"-";"+";"-";"+";"+";"1";"c";"kiste";"-";"-";"-"
"300";"+";"+";"kayac-mer";"-";"-";"+";"-";"+";"+";"1";"c";"kiste";"-";"-";"-"
"301";"+";"+";"kayac-mono";"-";"-";"+";"-";"+";"+";"1";"c";"kiste";"-";"-";"-"
"302";"+";"+";"kayac-polo";"-";"-";"+";"-";"+";"+";"1";"c";"kiste";"-";"-";"-"
"303";"+";"+";"kayac-surf";"-";"-";"+";"-";"+";"+";"1";"c";"kiste";"-";"-";"-"
"304";"+";"+";"kayac-vague";"-";"-";"+";"-";"+";"+";"1";"c";"kiste";"-";"-";"-"
"305";"+";"+";"kayak à deux";"-";"-";"+";"-";"+";"+";"-";"-";"iste";"-";"-";"-"
"306";"+";"+";"kayak à trois";"-";"-";"+";"-";"+";"+";"-";"-";"iste";"-";"-";"-"
"307";"+";"+";"kayak de slalom";"-";"-";"+";"-";"+";"+";"-";"-";"iste";"-";"-";"-"
"308";"+";"+";"kayak-extrême";"-";"-";"+";"-";"+";"+";"-";"-";"iste";"-";"-";"-"
"309";"+";"+";"kayak-mer";"-";"-";"+";"-";"+";"+";"-";"-";"iste";"-";"-";"-"
"310";"+";"+";"kayak-mono";"-";"-";"+";"-";"+";"+";"-";"-";"iste";"-";"-";"-"
"311";"+";"+";"kayak-polo";"-";"-";"+";"-";"+";"+";"-";"-";"iste";"-";"-";"-"
"312";"+";"+";"kayak-surf";"-";"-";"+";"-";"+";"+";"-";"-";"iste";"-";"-";"-"
"313";"+";"+";"kayak-vague";"-";"-";"+";"-";"+";"+";"1";"-";"iste";"-";"-";"-"
"314";"+";"+";"kegeling";"-";"-";"+";"-";"-";"-";"-";"-";"-";"-";"-";"-"
"315";"+";"+";"ken-jutsu";"-";"-";"+";"-";"-";"-";"-";"-";"-";"-";"-";"-"
"316";"+";"+";"kenjutsu";"-";"-";"+";"-";"-";"-";"-";"-";"-";"-";"-";"-"
"317";"+";"+";"kendo";"-";"-";"+";"-";"-";"+";"-";"-";"ka";"-";"-";"-"
"318";"+";"+";"kick-boxing";"-";"-";"+";"-";"-";"-";"-";"-";"-";"-";"-";"-"
"319";"+";"+";"ki do";"-";"-";"+";"-";"-";"+";"2";"-";"ka";"-";"-";"-"
"320";"+";"+";"kinomichi";"-";"-";"+";"-";"-";"-";"-";"-";"-";"-";"-";"-"
"321";"+";"+";"kirkpinar";"-";"-";"+";"-";"-";"-";"-";"-";"-";"-";"-";"-"
"322";"+";"+";"kneeboard";"-";"-";"+";"-";"-";"-";"-";"-";"-";"-";"-";"-"
"323";"+";"+";"ko-budo";"-";"-";"+";"-";"-";"+";"2";"-";"ka";"-";"-";"-"
"324";"+";"+";"kobudo";"-";"-";"+";"-";"-";"+";"-";"-";"ka";"-";"-";"-"
"325";"+";"+";"kuatsu";"-";"-";"+";"-";"-";"-";"-";"-";"-";"-";"-";"-"
"326";"+";"+";"kung-fu";"-";"-";"+";"-";"-";"-";"-";"-";"-";"-";"-";"-"
"327";"+";"+";"kung-fu wushu";"-";"-";"+";"-";"-";"-";"-";"-";"-";"-";"-";"-"
"328";"+";"+";"kung-fu wu shu";"-";"-";"+";"-";"-";"-";"-";"-";"-";"-";"-";"-"
"329";"+";"+";"kusari";"-";"-";"+";"-";"-";"-";"-";"-";"-";"-";"-";"-"
"330";"+";"+";"kusari-gama";"-";"-";"+";"-";"-";"-";"-";"-";"-";"-";"-";"-"
"331";"+";"+";"kusarigama";"-";"-";"+";"-";"-";"-";"-";"-";"-";"-";"-";"-"
"332";"+";"+";"kwan ki do";"-";"-";"+";"-";"-";"+";"3";"-";"ka";"-";"-";"-"
"333";"+";"+";"kyokushin";"-";"-";"+";"-";"+";"+";"-";"-";"-";"-";"-";"-"
"334";"+";"+";"kyokushinkai";"-";"-";"+";"-";"+";"+";"-";"-";"-";"-";"-";"-"
"335";"+";"+";"kyudo";"-";"-";"+";"-";"-";"+";"-";"-";"ka";"-";"-";"-"
"336";"+";"+";"kyu-jutsu d'ogasawara";"-";"-";"+";"-";"-";"-";"-";"-";"-";"-";"-";"-"
"337";"+";"+";"kyushakubo";"-";"-";"+";"-";"-";"-";"-";"-";"-";"-";"-";"-"
"338";"+";"-";"lacrosse";"-";"-";"+";"-";"-";"-";"-";"-";"-";"-";"-";"-"
"339";"+";"+";"latin";"-";"-";"+";"-";"-";"+";"-";"-";"iste";"-";"-";"-"
"340";"+";"+";"lettres classiques";"+";"-";"+";"-";"-";"-";"-";"-";"-";"-";"-";"-"
"341";"+";"+";"lettres modernes";"+";"-";"+";"-";"-";"-";"-";"-";"-";"-";"-";"-"
"342";"+";"+";"linguistique";"-";"-";"+";"-";"-";"+";"-";"ique";"e";"-";"-";"-"
"343";"+";"+";"logique";"-";"-";"+";"-";"-";"+";"-";"que";"cien";"-";"-";"-"
"344";"+";"+";"logistique";"-";"-";"+";"-";"-";"+";"-";"que";"cien";"-";"-";"-"
"345";"+";"-";"longhold";"-";"-";"+";"-";"-";"-";"-";"-";"-";"-";"-";"-"
"346";"+";"+";"longue paume";"-";"-";"+";"+";"-";"-";"-";"-";"-";"-";"-";"-"
"347";"+";"+";"luge sur piste";"-";"-";"+";"-";"+";"+";"1";"-";"ur";"-";"-";"-"
"348";"+";"+";"luge sur piste artificielle";"-";"-";"+";"-";"-";"+";"1";"-";"ur";"-";"-";"-"
"349";"+";"+";"luge sur piste naturelle";"-";"-";"+";"-";"-";"+";"1";"-";"ur";"-";"-";"-"
"350";"+";"-";"lutte";"-";"-";"+";"-";"-";"+";"-";"-";"ur";"-";"-";"-"
"351";"+";"-";"lutte à la culotte";"-";"-";"+";"-";"+";"+";"1";"-";"ur";"-";"-";"-"
"352";"+";"-";"lutte bretonne";"-";"-";"+";"-";"+";"+";"1";"-";"ur";"-";"-";"-"
"353";"+";"-";"lutte folklorique";"-";"-";"+";"-";"+";"+";"1";"-";"ur";"-";"-";"-"
"354";"+";"-";"lutte gréco-romaine";"-";"-";"+";"-";"-";"+";"-";"-";"ur";"-";"-";"-"
"355";"+";"-";"lutte japonaise";"-";"-";"+";"-";"+";"+";"-";"-";"ur";"-";"-";"-"
"356";"+";"-";"lutte libre";"-";"-";"+";"-";"+";"+";"-";"-";"ur";"-";"-";"-"
"357";"+";"-";"lutte suisse";"-";"-";"+";"-";"+";"+";"-";"-";"ur";"-";"-";"-"
"358";"+";"-";"lutte thaï";"-";"-";"+";"-";"+";"+";"-";"-";"ur";"-";"-";"-"
"359";"+";"-";"lutte thaïlandaise";"-";"-";"+";"-";"+";"+";"-";"-";"ur";"-";"-";"-"
"360";"+";"-";"lutte turque";"-";"-";"+";"-";"+";"+";"-";"-";"ur";"-";"-";"-"
"361";"+";"+";"lyrique";"-";"-";"+";"-";"-";"-";"-";"-";"-";"-";"-";"+"
"362";"+";"+";"macrobiologie";"-";"-";"+";"-";"-";"+";"-";"e";"ste";"-";"-";"-"
"363";"+";"+";"magie";"-";"-";"+";"-";"-";"+";"-";"e";"cien";"-";"-";"-"
"364";"+";"+";"magnétisme";"-";"-";"+";"-";"-";"+";"-";"me";"eur";"-";"-";"-"
"365";"+";"+";"mathématiques";"+";"-";"+";"-";"-";"+";"-";"ques";"cien";"-";"-";"-"
"366";"+";"+";"mathématiques appliquées";"+";"-";"+";"-";"+";"+";"1";"ques";"cien";"-";"-";"-"
"367";"+";"+";"mathématiques classiques";"+";"-";"+";"-";"+";"+";"1";"ques";"cien";"-";"-";"-"
"368";"+";"+";"mathématiques modernes";"+";"-";"+";"-";"+";"+";"1";"ques";"cien";"-";"-";"-"
"369";"+";"+";"maths";"+";"-";"+";"-";"-";"+";"-";"s";"ématicien";"-";"-";"-"
"370";"+";"+";"maths appliquées";"+";"-";"+";"-";"+";"+";"1";"s";"ématicien";"-";"-";"-"
"371";"+";"+";"maths classiques";"+";"-";"+";"-";"+";"+";"1";"s";"ématicien";"-";"-";"-"
"372";"+";"+";"maths modernes";"+";"-";"+";"-";"+";"+";"1";"s";"ématicien";"-";"-";"-"
"373";"+";"+";"médecine";"-";"+";"+";"-";"-";"+";"-";"e";"-";"-";"-";"-"
"374";"+";"+";"médico-social";"-";"+";"+";"+";"-";"-";"-";"-";"-";"-";"-";"-"
"375";"+";"+";"météorologie";"-";"-";"+";"-";"-";"+";"-";"ie";"ue";"-";"-";"-"
"376";"+";"+";"mime";"-";"-";"+";"-";"-";"+";"-";"-";"+";"-";"-";"-"
"377";"+";"+";"minéralogie";"-";"-";"+";"-";"-";"+";"-";"e";"ste";"-";"-";"-"
"378";"+";"+";"modern-jazz";"-";"-";"+";"-";"-";"-";"-";"-";"-";"-";"-";"+"
"379";"+";"+";"modern'jazz";"-";"-";"+";"-";"-";"-";"-";"-";"-";"-";"-";"+"
"380";"+";"+";"moderne";"-";"-";"+";"-";"-";"-";"-";"-";"-";"-";"-";"+"
"381";"+";"+";"montagne";"-";"-";"+";"-";"-";"+";"-";"e";"ard";"-";"-";"-"
"382";"+";"+";"moto-nautisme";"-";"-";"+";"-";"-";"-";"-";"-";"-";"-";"-";"-"
"383";"+";"+";"motonautisme";"-";"-";"+";"-";"-";"-";"-";"-";"-";"-";"-";"-"
"384";"+";"+";"mountain-bike";"-";"-";"+";"-";"-";"-";"-";"-";"-";"-";"-";"-"
"385";"+";"+";"musculation";"-";"-";"+";"-";"-";"-";"-";"-";"-";"-";"-";"-"
"386";"+";"+";"musicographie";"-";"-";"+";"-";"-";"+";"-";"ie";"e";"-";"-";"-"
"387";"+";"+";"musicologie";"-";"-";"+";"-";"-";"+";"-";"ie";"ue";"-";"-";"-"
"388";"+";"+";"mythologie";"-";"-";"+";"-";"-";"+";"-";"ie";"ue";"-";"-";"-"
"389";"+";"+";"nage";"-";"-";"+";"-";"-";"+";"-";"-";"ur";"+";"-";"-"
"390";"+";"+";"nage avec palmes";"-";"-";"+";"-";"+";"+";"1";"-";"ur";"+";"-";"-"
"391";"+";"+";"naginata";"-";"-";"+";"-";"-";"-";"-";"-";"-";"-";"-";"-"
"392";"+";"+";"natation";"-";"-";"+";"-";"-";"+";"-";"tation";"geur";"+";"-";"-"
"393";"+";"+";"natation synchronisée";"-";"-";"+";"-";"-";"+";"1";"tation";"geur";"+";"-";"-"
"394";"+";"+";"navigation";"-";"-";"+";"-";"-";"+";"-";"ion";"eur";"+";"-";"-"
"395";"+";"+";"navigation de plaisance";"-";"-";"+";"+";"+";"+";"1";"ion";"eur";"+";"-";"-"
"396";"+";"+";"néo-réalisme";"-";"-";"+";"-";"-";"+";"2";"me";"te";"-";"-";"-"
"397";"+";"+";"nin-jutsu";"-";"-";"+";"-";"-";"-";"-";"-";"-";"-";"-";"-"
"398";"+";"+";"ninjutsu";"-";"-";"+";"-";"-";"-";"-";"-";"-";"-";"-";"-"
"399";"+";"+";"ninepins";"-";"-";"+";"-";"-";"-";"-";"-";"-";"-";"-";"-"
"400";"+";"+";"numismatique";"-";"-";"+";"-";"-";"+";"-";"ique";"e";"-";"-";"-"
"401";"+";"+";"nunchaku";"-";"-";"+";"-";"-";"-";"-";"-";"-";"-";"-";"-"
"402";"+";"+";"nunchaku moderne";"-";"-";"+";"-";"+";"-";"-";"-";"-";"-";"-";"-"
"403";"+";"-";"offshore";"-";"-";"+";"-";"-";"-";"-";"-";"-";"-";"-";"-"
"404";"+";"-";"off-shore";"-";"-";"+";"-";"-";"-";"-";"-";"-";"-";"-";"-"
"405";"+";"+";"orientation subaquatique";"-";"-";"+";"-";"-";"-";"-";"-";"-";"-";"-";"-"
"406";"+";"+";"paddair";"-";"-";"+";"-";"-";"-";"-";"-";"-";"-";"-";"-"
"407";"+";"+";"paddle-tennis";"-";"-";"+";"-";"-";"+";"2";"-";"man";"-";"-";"-"
"408";"+";"+";"padel";"-";"-";"+";"-";"-";"+";"-";"-";"-";"-";"-";"-"
"409";"+";"+";"pala";"-";"-";"+";"-";"-";"-";"-";"-";"-";"-";"-";"-"
"410";"+";"+";"paléographie";"-";"-";"+";"-";"-";"+";"-";"ie";"e";"-";"-";"-"
"411";"+";"+";"paléontologie";"-";"-";"+";"-";"-";"+";"-";"ie";"ue";"-";"-";"-"
"412";"+";"+";"pancrate";"-";"-";"+";"-";"-";"-";"-";"-";"-";"-";"-";"-"
"413";"+";"+";"papillon";"-";"-";"+";"-";"-";"-";"-";"-";"-";"-";"-";"-"
"414";"+";"+";"para-ski";"-";"-";"+";"-";"-";"+";"1";"-";"eur";"-";"-";"-"
"415";"+";"+";"parachutisme";"-";"-";"+";"-";"-";"+";"-";"me";"te";"-";"-";"-"
"416";"+";"+";"parachutisme ascensionnel";"-";"-";"+";"-";"+";"+";"1";"me";"te";"-";"-";"-"
"417";"+";"+";"parachutisme en montagne";"-";"-";"+";"-";"+";"+";"1";"me";"te";"-";"-";"-"
"418";"+";"+";"parachutisme sportif";"-";"-";"+";"-";"+";"+";"1";"me";"te";"-";"-";"-"
"419";"+";"+";"parapente";"-";"-";"+";"-";"-";"+";"-";"e";"iste";"-";"-";"-"
"420";"+";"+";"patinage";"-";"-";"+";"-";"-";"+";"-";"age";"eur";"+";"-";"-"
"421";"+";"+";"patinage artistique";"-";"-";"+";"-";"+";"+";"1";"age";"eur";"+";"-";"-"
"422";"+";"+";"patinage à roulettes";"-";"-";"+";"-";"+";"+";"1";"age";"eur";"+";"-";"-"
"423";"+";"+";"patinage de vitesse";"-";"-";"+";"-";"+";"+";"1";"age";"eur";"+";"-";"-"
"424";"+";"+";"patinage sur glace";"-";"-";"+";"-";"+";"+";"1";"age";"eur";"+";"-";"-"
"425";"+";"+";"pédagogie";"-";"-";"+";"-";"-";"+";"-";"ie";"ue";"-";"-";"-"
"426";"+";"+";"pelote";"-";"-";"+";"-";"-";"-";"-";"-";"-";"-";"+";"-"
"427";"+";"+";"pelote basque";"-";"-";"+";"-";"+";"-";"-";"-";"-";"-";"+";"-"
"428";"+";"+";"pesapallo";"-";"-";"+";"-";"-";"-";"-";"-";"-";"-";"-";"-"
"429";"+";"+";"philatélie";"-";"-";"+";"-";"-";"+";"-";"e";"ste";"-";"-";"-"
"430";"+";"+";"philosophie";"-";"-";"+";"-";"-";"+";"-";"ie";"e";"-";"-";"-"
"431";"+";"+";"phonétique";"-";"-";"+";"-";"-";"+";"-";"que";"cien";"-";"-";"-"
"432";"+";"+";"physiologie";"-";"-";"+";"-";"-";"+";"-";"e";"ste";"-";"-";"-"
"433";"+";"+";"physique";"-";"-";"+";"-";"-";"+";"-";"que";"cien";"-";"-";"-"
"434";"+";"+";"physique appliquée";"-";"-";"+";"-";"+";"+";"1";"que";"cien";"-";"-";"-"
"435";"+";"+";"plaisance";"-";"-";"+";"-";"-";"+";"-";"e";"ier";"-";"-";"-"
"436";"+";"+";"plat";"-";"-";"+";"-";"-";"-";"-";"-";"-";"-";"-";"-"
"437";"+";"+";"platform-tennis";"-";"-";"+";"-";"-";"+";"2";"-";"man";"-";"-";"-"
"438";"+";"+";"plongeon de haut-vol";"-";"-";"+";"-";"-";"+";"1";"on";"ur";"+";"-";"-"
"439";"+";"+";"poids et haltères";"+";"-";"+";"-";"-";"-";"-";"-";"-";"-";"-";"-"
"440";"+";"+";"politique";"-";"-";"+";"-";"-";"+";"-";"que";"cien";"-";"-";"-"
"441";"+";"+";"politologie";"-";"-";"+";"-";"-";"+";"-";"ie";"ue";"-";"-";"-"
"442";"+";"+";"portugais";"-";"-";"+";"-";"-";"-";"-";"-";"-";"-";"-";"-"
"443";"-";"+";"poutre d'équilibre";"-";"-";"+";"-";"+";"-";"-";"-";"-";"-";"-";"-"
"444";"+";"+";"précision d'atterrissage";"-";"-";"+";"-";"-";"-";"-";"-";"-";"-";"-";"-"
"445";"+";"+";"probabilités";"+";"-";"+";"-";"-";"-";"-";"-";"-";"-";"-";"-"
"446";"+";"+";"provençale";"-";"-";"+";"-";"-";"-";"-";"-";"-";"-";"-";"-"
"447";"+";"+";"psychologie";"-";"-";"+";"-";"-";"+";"-";"ie";"ue";"-";"-";"-"
"448";"+";"+";"psychologie expérimentale";"-";"-";"+";"-";"+";"+";"1";"ie";"ue";"-";"-";"-"
"449";"+";"-";"quatre de couple";"-";"-";"+";"-";"-";"-";"-";"-";"-";"-";"-";"-"
"450";"+";"-";"quatre de couple avec barreur";"-";"-";"+";"-";"-";"-";"-";"-";"-";"-";"-";"-"
"451";"-";"+";"quatre de couple avec barreuse";"-";"-";"+";"-";"-";"-";"-";"-";"-";"-";"-";"-"
"452";"+";"-";"quatre de couple sans barreur";"-";"-";"+";"-";"-";"-";"-";"-";"-";"-";"-";"-"
"453";"+";"+";"quatre de pointe";"-";"-";"+";"-";"-";"-";"-";"-";"-";"-";"-";"-"
"454";"+";"-";"quatre de pointe avec barreur";"-";"-";"+";"-";"-";"-";"-";"-";"-";"-";"-";"-"
"455";"-";"+";"quatre de pointe sans barreuse";"-";"-";"+";"-";"-";"-";"-";"-";"-";"-";"-";"-"
"456";"+";"-";"quatre de pointe sans barreur";"-";"-";"+";"-";"-";"-";"-";"-";"-";"-";"-";"-"
"457";"+";"+";"quan-ki-do";"-";"-";"+";"-";"-";"+";"3";"-";"ka";"-";"-";"-"
"458";"+";"+";"raft";"-";"-";"+";"-";"-";"+";"-";"-";"eur";"-";"-";"-"
"459";"+";"+";"rafting";"-";"-";"+";"-";"-";"+";"-";"ing";"eur";"-";"-";"-"
"460";"+";"+";"rebot";"-";"-";"+";"-";"-";"-";"-";"-";"-";"-";"-";"-";;;;;;;;;
"461";"-";"+";"ringuette";"-";"-";"+";"-";"-";"-";"-";"-";"-";"-";"-";"-"
"462";"+";"+";"roller";"-";"-";"+";"-";"-";"-";"-";"-";"-";"-";"-";"-"
"463";"+";"+";"roll-surf";"-";"-";"+";"-";"-";"-";"-";"-";"-";"-";"-";"-"
"464";"+";"+";"russe";"-";"-";"+";"-";"-";"-";"-";"-";"-";"-";"-";"-"
"465";"+";"+";"râsa-yoga";"-";"-";"+";"-";"-";"+";"2";"a";"i";"-";"-";"-"
"466";"+";"+";"sai";"-";"-";"+";"-";"-";"-";"-";"-";"-";"-";"-";"-"
"467";"+";"-";"sambo";"-";"-";"+";"-";"-";"+";"-";"-";"ïste";"-";"-";"-"
"468";"+";"+";"san yi chuan";"-";"-";"+";"-";"-";"+";"-";"-";"ïste";"-";"-";"-"
"469";"+";"+";"sanshakubo";"-";"-";"+";"-";"-";"-";"-";"-";"-";"-";"-";"-"
"470";"+";"+";"savate";"-";"-";"+";"-";"-";"-";"-";"-";"-";"-";"-";"-"
"471";"+";"+";"sciences exactes";"+";"-";"+";"-";"-";"-";"-";"-";"-";"-";"-";"-"
"472";"+";"+";"sciences expérimentales";"+";"-";"+";"-";"-";"-";"-";"-";"-";"-";"-";"-"
"473";"+";"+";"sciences médicales";"+";"-";"+";"-";"-";"-";"-";"-";"-";"-";"-";"-"
"474";"+";"+";"sciences médico-sociales";"+";"-";"+";"-";"-";"-";"-";"-";"-";"-";"-";"-"
"475";"+";"+";"sciences naturelles";"+";"-";"+";"-";"-";"-";"-";"-";"-";"-";"-";"-"
"476";"+";"+";"sciences sociales";"+";"-";"+";"+";"-";"-";"-";"-";"-";"-";"-";"-"
"477";"+";"+";"scoutisme";"-";"-";"+";"-";"-";"+";"-";"isme";"+";"-";"-";"-"
"478";"+";"+";"secourisme";"-";"-";"+";"-";"-";"+";"-";"me";"te";"-";"-";"-"
"479";"+";"+";"sei no iki";"-";"-";"+";"-";"-";"-";"-";"-";"-";"-";"-";"-"
"480";"+";"+";"self-défense";"-";"-";"+";"-";"-";"-";"-";"-";"-";"-";"-";"-"
"481";"+";"+";"sémantique";"-";"-";"+";"-";"-";"+";"-";"que";"cien";"-";"-";"-"
"482";"+";"+";"shaolin";"-";"-";"+";"-";"-";"-";"-";"-";"-";"-";"-";"-"
"483";"+";"+";"shiatsu";"-";"-";"+";"-";"-";"-";"-";"-";"-";"-";"-";"-"
"484";"+";"-";"shinney";"-";"-";"+";"-";"-";"-";"-";"-";"-";"-";"-";"-"
"485";"+";"-";"shinty";"-";"-";"+";"-";"-";"-";"-";"-";"-";"-";"-";"-"
"486";"+";"+";"shirojing";"-";"-";"+";"-";"-";"-";"-";"-";"-";"-";"-";"-"
"487";"+";"+";"shorinji-kempo";"-";"-";"+";"-";"-";"-";"-";"-";"-";"-";"-";"-"
"488";"+";"+";"shotokan";"-";"-";"+";"-";"-";"-";"-";"-";"-";"-";"-";"-"
"489";"+";"+";"shotokan-ryu";"-";"-";"+";"-";"-";"-";"-";"-";"-";"-";"-";"-"
"490";"+";"+";"skate";"-";"-";"+";"-";"-";"-";"-";"-";"-";"-";"-";"-"
"491";"+";"+";"skating";"-";"-";"+";"-";"-";"-";"-";"-";"-";"-";"-";"-"
"492";"+";"+";"skeet olympique";"-";"-";"+";"-";"-";"-";"-";"-";"-";"-";"-";"-"
"493";"+";"+";"ski acrobatique";"-";"-";"+";"-";"+";"+";"-";"-";"eur";"+";"-";"-"
"494";"+";"+";"ski à roulettes";"-";"-";"+";"-";"+";"+";"-";"-";"eur";"+";"-";"-"
"495";"+";"+";"ski alpin";"-";"-";"+";"-";"+";"+";"-";"-";"eur";"+";"-";"-"
"496";"+";"+";"ski artistique";"-";"-";"+";"-";"+";"+";"-";"-";"eur";"+";"-";"-"
"497";"+";"+";"ski artistique acrobatique";"-";"-";"+";"-";"-";"+";"-";"-";"eur";"+";"-";"-"
"498";"+";"+";"ski artistique et acrobatique";"-";"-";"+";"-";"-";"+";"-";"-";"eur";"+";"-";"-"
"499";"+";"+";"ski de descente";"-";"-";"+";"-";"+";"+";"-";"-";"eur";"+";"-";"-"
"500";"+";"+";"ski de saut";"-";"-";"+";"-";"+";"+";"-";"-";"eur";"+";"-";"-"
"501";"+";"+";"ski nautique";"-";"-";"+";"-";"+";"+";"-";"-";"eur";"+";"-";"-"
"502";"+";"+";"ski nordique";"-";"-";"+";"-";"+";"+";"-";"-";"eur";"+";"-";"-"
"503";"+";"+";"ski sur gazon";"-";"-";"+";"-";"+";"+";"-";"-";"eur";"+";"-";"-"
"504";"+";"+";"ski-bob";"-";"-";"+";"-";"-";"-";"-";"-";"-";"-";"-";"-"
"505";"+";"+";"skittles";"-";"-";"+";"-";"-";"-";"-";"-";"-";"-";"-";"-"
"506";"+";"+";"snowboard";"-";"-";"+";"-";"-";"-";"-";"-";"-";"-";"-";"-"
"507";"+";"+";"so-jutsu";"-";"-";"+";"-";"-";"-";"-";"-";"-";"-";"-";"-"
"508";"+";"+";"sojutsu";"-";"-";"+";"-";"-";"-";"-";"-";"-";"-";"-";"-"
"509";"+";"+";"sociologie";"-";"-";"+";"-";"-";"+";"-";"le";"ue";"-";"-";"-"
"510";"+";"+";"speed-sail";"-";"-";"+";"-";"-";"-";"-";"-";"-";"-";"-";"-"
"511";"+";"+";"speed-way";"-";"-";"+";"-";"-";"-";"-";"-";"-";"-";"-";"-"
"512";"+";"+";"speedway";"-";"-";"+";"-";"-";"-";"-";"-";"-";"-";"-";"-"
"513";"+";"+";"spéléologie";"-";"-";"+";"-";"-";"+";"-";"ie";"ue";"-";"-";"-"
"514";"+";"+";"spéléologie subaquatique";"-";"-";"+";"-";"+";"+";"1";"ie";"ue";"-";"-";"-"
"515";"+";"+";"statistiques";"+";"-";"+";"-";"-";"+";"-";"ques";"cien";"-";"-";"-"
"516";"+";"+";"steeple-chase";"-";"-";"+";"-";"-";"-";"-";"-";"-";"-";"-";"-"
"517";"+";"+";"stretching";"-";"-";"+";"-";"-";"-";"-";"-";"-";"-";"-";"-"
"518";"+";"+";"stretching postural";"-";"-";"+";"-";"-";"-";"-";"-";"-";"-";"-";"-"
"519";"+";"-";"sumo";"-";"-";"+";"-";"-";"+";"-";"-";"tori";"-";"-";"-"
"520";"+";"+";"surf";"-";"-";"+";"-";"-";"+";"-";"-";"eur";"-";"-";"-"
"521";"+";"+";"surfboard";"-";"-";"+";"-";"-";"-";"-";"-";"-";"-";"-";"-"
"522";"+";"+";"surf à voile";"-";"-";"+";"-";"+";"+";"1";"-";"eur";"-";"-";"-"
"523";"+";"+";"surf des neiges";"-";"-";"+";"-";"+";"+";"1";"-";"eur";"-";"-";"-"
"524";"+";"+";"surf-riding";"-";"-";"+";"-";"+";"+";"1";"-";"eur";"-";"-";"-"
"525";"+";"+";"survie en régions désertes";"-";"-";"+";"-";"-";"-";"-";"-";"-";"-";"-";"-"
"526";"+";"+";"swing-golf";"-";"-";"+";"-";"-";"-";"-";"-";"-";"-";"-";"-"
"527";"+";"+";"syndicalisme";"-";"-";"+";"-";"-";"+";"-";"me";"te";"-";"-";"-";;;;;;;;;;;;;;;;
"528";"+";"+";"syntaxe";"-";"-";"+";"-";"-";"+";"-";"e";"ticien";"-";"-";"-"
"529";"+";"+";"tae kuondo";"-";"-";"+";"-";"-";"+";"2";"-";"ka";"-";"-";"-"
"530";"+";"+";"tae-kwon-do";"-";"-";"+";"-";"-";"+";"3";"-";"ka";"-";"-";"-"
"531";"+";"+";"taekwon-do";"-";"-";"+";"-";"-";"+";"2";"-";"ka";"-";"-";"-"
"532";"+";"+";"taekwondo";"-";"-";"+";"-";"-";"+";"-";"-";"ka";"-";"-";"-"
"533";"+";"+";"taï-chi";"-";"-";"+";"-";"-";"-";"-";"-";"-";"-";"-";"-"
"534";"+";"+";"tai-chi-chuan";"-";"-";"+";"-";"-";"-";"-";"-";"-";"-";"-";"-"
"535";"+";"+";"taï-chi-chuan";"-";"-";"+";"-";"-";"-";"-";"-";"-";"-";"-";"-"
"536";"+";"+";"taï-jitsu";"-";"-";"+";"-";"-";"-";"-";"-";"-";"-";"-";"-"
"537";"+";"+";"taï-ji-quan";"-";"-";"+";"-";"-";"-";"-";"-";"-";"-";"-";"-"
"538";"+";"+";"tài-ji-quàn";"-";"-";"+";"-";"-";"-";"-";"-";"-";"-";"-";"-"
"539";"+";"+";"taï-ki-kiuam";"-";"-";"+";"-";"-";"-";"-";"-";"-";"-";"-";"-"
"540";"+";"+";"taïjitsu";"-";"-";"+";"-";"-";"-";"-";"-";"-";"-";"-";"-"
"541";"+";"+";"tambo";"-";"-";"+";"-";"-";"-";"-";"-";"-";"-";"-";"-"
"542";"+";"+";"tanto";"-";"-";"+";"-";"-";"-";"-";"-";"-";"-";"-";"-"
"543";"+";"-";"tauromachie";"-";"-";"+";"-";"-";"-";"-";"-";"-";"-";"-";"-"
"544";"+";"+";"technique administrative";"-";"-";"+";"-";"-";"-";"-";"-";"-";"-";"-";"-"
"545";"+";"+";"tessen";"-";"-";"+";"-";"-";"-";"-";"-";"-";"-";"-";"-"
"546";"+";"-";"tèque";"-";"-";"+";"-";"-";"-";"-";"-";"-";"-";"-";"-"
"547";"+";"+";"théologie";"-";"-";"+";"-";"-";"+";"-";"-";"n";"-";"+";"-"
"548";"+";"+";"théâtre";"-";"-";"+";"-";"-";"-";"-";"-";"-";"-";"+";"-"
"549";"+";"+";"théâtre ancien";"-";"-";"+";"-";"+";"-";"-";"-";"-";"-";"-";"-"
"550";"+";"+";"théâtre classique";"-";"-";"+";"+";"+";"-";"-";"-";"-";"-";"-";"-"
"551";"+";"+";"théâtre contemporain";"-";"-";"+";"+";"+";"-";"-";"-";"-";"-";"-";"-"
"552";"+";"+";"théâtre moderne";"-";"-";"+";"+";"+";"-";"-";"-";"-";"-";"-";"-"
"553";"+";"+";"thèque";"-";"-";"+";"-";"-";"-";"-";"-";"-";"-";"-";"-"
"554";"+";"+";"tobogganing";"-";"-";"+";"-";"-";"-";"-";"-";"-";"-";"+";"-"
"555";"+";"+";"tonfa";"-";"-";"+";"-";"-";"-";"-";"-";"-";"-";"-";"-"
"556";"+";"+";"topographie";"-";"-";"+";"-";"-";"+";"-";"ie";"e";"-";"-";"-"
"557";"+";"+";"training";"-";"-";"+";"-";"-";"-";"-";"-";"-";"-";"-";"-"
"558";"+";"+";"trinquet";"-";"-";"+";"-";"-";"-";"-";"-";"-";"-";"+";"-"
"559";"+";"+";"trot";"-";"-";"+";"-";"-";"-";"-";"-";"-";"+";"-";"-"
"560";"+";"+";"trot attelé";"-";"-";"+";"-";"-";"-";"-";"-";"-";"+";"-";"-"
"561";"+";"+";"tumbling";"-";"-";"+";"-";"-";"-";"-";"-";"-";"-";"-";"-"
"562";"+";"+";"twirling-baton";"-";"-";"+";"-";"-";"-";"-";"-";"-";"-";"-";"-"
"563";"+";"+";"varappe";"-";"-";"+";"-";"-";"-";"-";"-";"-";"-";"-";"-"
"564";"+";"+";"viet-vo-dao";"-";"-";"+";"-";"-";"-";"-";"-";"-";"-";"-";"-"
"565";"+";"+";"vo-viet-nam";"-";"-";"+";"-";"-";"-";"-";"-";"-";"-";"-";"-"
"566";"+";"+";"voile sur glace";"-";"-";"+";"-";"-";"-";"-";"-";"-";"-";"-";"-"
"567";"+";"+";"voile-contact";"-";"-";"+";"-";"-";"-";"-";"-";"-";"-";"-";"-"
"568";"+";"+";"voiture de production";"-";"-";"+";"-";"-";"-";"-";"-";"-";"-";"-";"-"
"569";"+";"+";"vol à voile";"-";"-";"+";"-";"-";"-";"-";"-";"-";"-";"-";"-"
"570";"+";"+";"vovinam-viet-vo-dao";"-";"-";"+";"-";"-";"-";"-";"-";"-";"-";"-";"-"
"571";"+";"+";"windsurf";"-";"-";"+";"-";"-";"+";"-";"-";"eur";"-";"-";"-"
"572";"+";"+";"wu-shu";"-";"-";"+";"-";"-";"-";"-";"-";"-";"-";"-";"-"
"573";"+";"+";"wushu";"-";"-";"+";"-";"-";"-";"-";"-";"-";"-";"-";"-"
"574";"+";"+";"yachting lourd";"-";"-";"+";"-";"-";"-";"-";"-";"-";"-";"-";"-"
"575";"+";"+";"yari";"-";"-";"+";"-";"-";"-";"-";"-";"-";"-";"-";"-"
"576";"+";"+";"yawara";"-";"-";"+";"-";"-";"-";"-";"-";"-";"-";"-";"-"
"577";"+";"+";"yoga";"-";"-";"+";"-";"-";"+";"-";"a";"i";"-";"-";"-"
"578";"+";"+";"yoga royal";"-";"-";"+";"-";"+";"+";"1";"a";"i";"-";"-";"-"
"579";"+";"+";"yoseikan-budo";"-";"-";"+";"-";"-";"+";"2";"-";"ka";"-";"-";"-"
"580";"+";"+";"zoologie";"-";"-";"+";"-";"-";"+";"-";"e";"ste";"-";"-";"-"
